RaceandoriginrecodeNHWNHBNHOHis,Sex,Age_recode_10yr,cancer_code_ICD_O_3,Crude_Rate,Standard_Error,Lower_Confidence_Interval,Upper_Confidence_Interval,Count,Population
Non-Hispanic White,Male and female,25-34 years,All Sites,87.88,1.23,85.49,90.33,5098,5800816
Non-Hispanic White,Male and female,25-34 years,Colon and Rectum,5.14,0.3,4.57,5.75,298,5800816
Non-Hispanic White,Male and female,25-34 years,Corpus Uteri,1.52,0.16,1.22,1.87,88,5800816
Non-Hispanic White,Male and female,25-34 years,Gallbladder,0.02,0.02,0,0.1,1,5800816
Non-Hispanic White,Male and female,25-34 years,Kidney and Renal Pelvis,2.31,0.2,1.94,2.74,134,5800816
Non-Hispanic White,Male and female,25-34 years,oral cavity and pharynx and larynx,1.4,0.16,1.11,1.74,81,5800816
Non-Hispanic White,Male and female,25-34 years,Liver and Intrahepatic Bile Duct,0.34,0.08,0.21,0.53,20,5800816
Non-Hispanic White,Male and female,25-34 years,Lung and Bronchus,0.69,0.11,0.49,0.94,40,5800816
Non-Hispanic White,Male and female,25-34 years,Pancreas,0.52,0.09,0.35,0.74,30,5800816
Non-Hispanic White,Male and female,25-34 years,Ovary,1.41,0.16,1.12,1.75,82,5800816
Non-Hispanic White,Male and female,25-34 years,Thyroid,15.15,0.51,14.17,16.19,879,5800816
Non-Hispanic White,Male and female,35-44 years,All Sites,203.39,1.95,199.58,207.25,10870,5344399
Non-Hispanic White,Male and female,35-44 years,Colon and Rectum,17.76,0.58,16.64,18.92,949,5344399
Non-Hispanic White,Male and female,35-44 years,Corpus Uteri,5.16,0.31,4.57,5.81,276,5344399
Non-Hispanic White,Male and female,35-44 years,Gallbladder,0.19,0.06,0.09,0.34,10,5344399
Non-Hispanic White,Male and female,35-44 years,Kidney and Renal Pelvis,8.57,0.4,7.8,9.39,458,5344399
Non-Hispanic White,Male and female,35-44 years,oral cavity and pharynx and larynx,5.44,0.32,4.84,6.11,291,5344399
Non-Hispanic White,Male and female,35-44 years,Liver and Intrahepatic Bile Duct,0.99,0.14,0.74,1.3,53,5344399
Non-Hispanic White,Male and female,35-44 years,Lung and Bronchus,4.19,0.28,3.66,4.78,224,5344399
Non-Hispanic White,Male and female,35-44 years,Pancreas,2.36,0.21,1.96,2.81,126,5344399
Non-Hispanic White,Male and female,35-44 years,Ovary,2.6,0.22,2.19,3.07,139,5344399
Non-Hispanic White,Male and female,35-44 years,Thyroid,22.6,0.65,21.35,23.91,1208,5344399
Non-Hispanic White,Male and female,45-54 years,All Sites,491.17,2.9,485.51,496.88,28779,5859292
Non-Hispanic White,Male and female,45-54 years,Colon and Rectum,49.53,0.92,47.74,51.36,2902,5859292
Non-Hispanic White,Male and female,45-54 years,Corpus Uteri,18.47,0.56,17.38,19.6,1082,5859292
Non-Hispanic White,Male and female,45-54 years,Gallbladder,0.56,0.1,0.39,0.79,33,5859292
Non-Hispanic White,Male and female,45-54 years,Kidney and Renal Pelvis,22.05,0.61,20.86,23.29,1292,5859292
Non-Hispanic White,Male and female,45-54 years,oral cavity and pharynx and larynx,22.78,0.62,21.58,24.04,1335,5859292
Non-Hispanic White,Male and female,45-54 years,Liver and Intrahepatic Bile Duct,5.03,0.29,4.48,5.64,295,5859292
Non-Hispanic White,Male and female,45-54 years,Lung and Bronchus,28.66,0.7,27.3,30.06,1679,5859292
Non-Hispanic White,Male and female,45-54 years,Pancreas,8.98,0.39,8.23,9.78,526,5859292
Non-Hispanic White,Male and female,45-54 years,Ovary,6.86,0.34,6.21,7.57,402,5859292
Non-Hispanic White,Male and female,45-54 years,Thyroid,24.22,0.64,22.97,25.51,1419,5859292
Non-Hispanic White,Male and female,55-64 years,All Sites,1028.87,3.94,1021.17,1036.62,68255,6633946
Non-Hispanic White,Male and female,55-64 years,Colon and Rectum,74.54,1.06,72.48,76.65,4945,6633946
Non-Hispanic White,Male and female,55-64 years,Corpus Uteri,45.22,0.83,43.62,46.87,3000,6633946
Non-Hispanic White,Male and female,55-64 years,Gallbladder,1.24,0.14,0.98,1.53,82,6633946
Non-Hispanic White,Male and female,55-64 years,Kidney and Renal Pelvis,41.03,0.79,39.5,42.6,2722,6633946
Non-Hispanic White,Male and female,55-64 years,oral cavity and pharynx and larynx,49.34,0.86,47.66,51.06,3273,6633946
Non-Hispanic White,Male and female,55-64 years,Liver and Intrahepatic Bile Duct,22.81,0.59,21.67,23.99,1513,6633946
Non-Hispanic White,Male and female,55-64 years,Lung and Bronchus,115.33,1.32,112.76,117.94,7651,6633946
Non-Hispanic White,Male and female,55-64 years,Pancreas,27.27,0.64,26.03,28.56,1809,6633946
Non-Hispanic White,Male and female,55-64 years,Ovary,11.8,0.42,10.99,12.66,783,6633946
Non-Hispanic White,Male and female,55-64 years,Thyroid,24.74,0.61,23.55,25.96,1641,6633946
Non-Hispanic White,Male and female,65-74 years,All Sites,1829.79,6.02,1818.01,1841.63,92384,5048890
Non-Hispanic White,Male and female,65-74 years,Colon and Rectum,120.8,1.55,117.79,123.87,6099,5048890
Non-Hispanic White,Male and female,65-74 years,Corpus Uteri,59.24,1.08,57.14,61.4,2991,5048890
Non-Hispanic White,Male and female,65-74 years,Gallbladder,3.35,0.26,2.86,3.89,169,5048890
Non-Hispanic White,Male and female,65-74 years,Kidney and Renal Pelvis,66.37,1.15,64.14,68.66,3351,5048890
Non-Hispanic White,Male and female,65-74 years,oral cavity and pharynx and larynx,63.26,1.12,61.09,65.49,3194,5048890
Non-Hispanic White,Male and female,65-74 years,Liver and Intrahepatic Bile Duct,34.84,0.83,33.23,36.51,1759,5048890
Non-Hispanic White,Male and female,65-74 years,Lung and Bronchus,253.24,2.24,248.87,257.67,12786,5048890
Non-Hispanic White,Male and female,65-74 years,Pancreas,57.56,1.07,55.48,59.69,2906,5048890
Non-Hispanic White,Male and female,65-74 years,Ovary,17.81,0.59,16.66,19.01,899,5048890
Non-Hispanic White,Male and female,65-74 years,Thyroid,26.82,0.73,25.41,28.29,1354,5048890
Non-Hispanic White,Male and female,75+ years,All Sites,664.61,1.22,662.22,667.01,295987,44535467
Non-Hispanic White,Male and female,75+ years,Colon and Rectum,51.97,0.34,51.3,52.64,23144,44535467
Non-Hispanic White,Male and female,75+ years,Corpus Uteri,20.34,0.21,19.92,20.76,9058,44535467
Non-Hispanic White,Male and female,75+ years,Gallbladder,1.26,0.05,1.16,1.37,562,44535467
Non-Hispanic White,Male and female,75+ years,Kidney and Renal Pelvis,23.91,0.23,23.45,24.37,10647,44535467
Non-Hispanic White,Male and female,75+ years,oral cavity and pharynx and larynx,23.95,0.23,23.5,24.41,10666,44535467
Non-Hispanic White,Male and female,75+ years,Liver and Intrahepatic Bile Duct,11.25,0.16,10.94,11.56,5009,44535467
Non-Hispanic White,Male and female,75+ years,Lung and Bronchus,81.34,0.43,80.5,82.18,36224,44535467
Non-Hispanic White,Male and female,75+ years,Pancreas,19.98,0.21,19.56,20.4,8897,44535467
Non-Hispanic White,Male and female,75+ years,Ovary,7.26,0.13,7.01,7.51,3232,44535467
Non-Hispanic White,Male and female,75+ years,Thyroid,16.84,0.19,16.46,17.23,7500,44535467
Non-Hispanic White,Male,25-34 years,All Sites,67.66,1.51,64.74,70.69,2012,2973485
Non-Hispanic White,Male,25-34 years,Colon and Rectum,4.98,0.41,4.21,5.85,148,2973485
Non-Hispanic White,Male,25-34 years,Corpus Uteri,0,,0,0.12,0,2973485
Non-Hispanic White,Male,25-34 years,Gallbladder,0.03,0.03,0,0.19,1,2973485
Non-Hispanic White,Male,25-34 years,Kidney and Renal Pelvis,2.82,0.31,2.25,3.5,84,2973485
Non-Hispanic White,Male,25-34 years,oral cavity and pharynx and larynx,1.38,0.22,0.99,1.87,41,2973485
Non-Hispanic White,Male,25-34 years,Liver and Intrahepatic Bile Duct,0.4,0.12,0.21,0.7,12,2973485
Non-Hispanic White,Male,25-34 years,Lung and Bronchus,0.74,0.16,0.46,1.12,22,2973485
Non-Hispanic White,Male,25-34 years,Pancreas,0.5,0.13,0.28,0.83,15,2973485
Non-Hispanic White,Male,25-34 years,Ovary,0,,0,0.12,0,2973485
Non-Hispanic White,Male,25-34 years,Thyroid,5.95,0.45,5.11,6.9,177,2973485
Non-Hispanic White,Male,35-44 years,All Sites,143.09,2.3,138.62,147.67,3879,2710870
Non-Hispanic White,Male,35-44 years,Colon and Rectum,19.33,0.84,17.71,21.06,524,2710870
Non-Hispanic White,Male,35-44 years,Corpus Uteri,0,,0,0.14,0,2710870
Non-Hispanic White,Male,35-44 years,Gallbladder,0.18,0.08,0.06,0.43,5,2710870
Non-Hispanic White,Male,35-44 years,Kidney and Renal Pelvis,10.51,0.62,9.33,11.81,285,2710870
Non-Hispanic White,Male,35-44 years,oral cavity and pharynx and larynx,7.16,0.51,6.18,8.24,194,2710870
Non-Hispanic White,Male,35-44 years,Liver and Intrahepatic Bile Duct,1,0.19,0.66,1.45,27,2710870
Non-Hispanic White,Male,35-44 years,Lung and Bronchus,4.65,0.41,3.87,5.53,126,2710870
Non-Hispanic White,Male,35-44 years,Pancreas,2.47,0.3,1.92,3.14,67,2710870
Non-Hispanic White,Male,35-44 years,Ovary,0,,0,0.14,0,2710870
Non-Hispanic White,Male,35-44 years,Thyroid,10.22,0.61,9.05,11.5,277,2710870
Non-Hispanic White,Male,45-54 years,All Sites,414.87,3.76,407.53,422.3,12183,2936612
Non-Hispanic White,Male,45-54 years,Colon and Rectum,57.24,1.4,54.54,60.05,1681,2936612
Non-Hispanic White,Male,45-54 years,Corpus Uteri,0,,0,0.13,0,2936612
Non-Hispanic White,Male,45-54 years,Gallbladder,0.31,0.1,0.14,0.58,9,2936612
Non-Hispanic White,Male,45-54 years,Kidney and Renal Pelvis,28.84,0.99,26.93,30.85,847,2936612
Non-Hispanic White,Male,45-54 years,oral cavity and pharynx and larynx,33.85,1.07,31.78,36.02,994,2936612
Non-Hispanic White,Male,45-54 years,Liver and Intrahepatic Bile Duct,7.29,0.5,6.34,8.33,214,2936612
Non-Hispanic White,Male,45-54 years,Lung and Bronchus,25.91,0.94,24.11,27.82,761,2936612
Non-Hispanic White,Male,45-54 years,Pancreas,11.1,0.61,9.93,12.37,326,2936612
Non-Hispanic White,Male,45-54 years,Ovary,0,,0,0.13,0,2936612
Non-Hispanic White,Male,45-54 years,Thyroid,12.67,0.66,11.41,14.02,372,2936612
Non-Hispanic White,Male,55-64 years,All Sites,1118.06,5.85,1106.61,1129.59,36476,3262450
Non-Hispanic White,Male,55-64 years,Colon and Rectum,89.75,1.66,86.53,93.06,2928,3262450
Non-Hispanic White,Male,55-64 years,Corpus Uteri,0,,0,0.11,0,3262450
Non-Hispanic White,Male,55-64 years,Gallbladder,0.74,0.15,0.47,1.09,24,3262450
Non-Hispanic White,Male,55-64 years,Kidney and Renal Pelvis,57.41,1.33,54.84,60.07,1873,3262450
Non-Hispanic White,Male,55-64 years,oral cavity and pharynx and larynx,77.21,1.54,74.23,80.29,2519,3262450
Non-Hispanic White,Male,55-64 years,Liver and Intrahepatic Bile Duct,36.94,1.06,34.88,39.08,1205,3262450
Non-Hispanic White,Male,55-64 years,Lung and Bronchus,121.35,1.93,117.6,125.19,3959,3262450
Non-Hispanic White,Male,55-64 years,Pancreas,33.59,1.01,31.63,35.64,1096,3262450
Non-Hispanic White,Male,55-64 years,Ovary,0,,0,0.11,0,3262450
Non-Hispanic White,Male,55-64 years,Thyroid,17.69,0.74,16.27,19.19,577,3262450
Non-Hispanic White,Male,65-74 years,All Sites,2148.86,9.47,2130.35,2167.49,51540,2398481
Non-Hispanic White,Male,65-74 years,Colon and Rectum,140.17,2.42,135.47,144.99,3362,2398481
Non-Hispanic White,Male,65-74 years,Corpus Uteri,0,,0,0.15,0,2398481
Non-Hispanic White,Male,65-74 years,Gallbladder,2.25,0.31,1.69,2.94,54,2398481
Non-Hispanic White,Male,65-74 years,Kidney and Renal Pelvis,93.18,1.97,89.36,97.13,2235,2398481
Non-Hispanic White,Male,65-74 years,oral cavity and pharynx and larynx,100.98,2.05,97,105.08,2422,2398481
Non-Hispanic White,Male,65-74 years,Liver and Intrahepatic Bile Duct,54.37,1.51,51.46,57.4,1304,2398481
Non-Hispanic White,Male,65-74 years,Lung and Bronchus,269.71,3.35,263.18,276.37,6469,2398481
Non-Hispanic White,Male,65-74 years,Pancreas,67.08,1.67,63.85,70.44,1609,2398481
Non-Hispanic White,Male,65-74 years,Ovary,0,,0,0.15,0,2398481
Non-Hispanic White,Male,65-74 years,Thyroid,20.76,0.93,18.98,22.67,498,2398481
Non-Hispanic White,Male,75+ years,All Sites,693.15,1.77,689.68,696.63,152981,22070429
Non-Hispanic White,Male,75+ years,Colon and Rectum,55.4,0.5,54.42,56.39,12227,22070429
Non-Hispanic White,Male,75+ years,Corpus Uteri,0,,0,0.02,0,22070429
Non-Hispanic White,Male,75+ years,Gallbladder,0.82,0.06,0.7,0.94,180,22070429
Non-Hispanic White,Male,75+ years,Kidney and Renal Pelvis,31.6,0.38,30.87,32.35,6975,22070429
Non-Hispanic White,Male,75+ years,oral cavity and pharynx and larynx,35.41,0.4,34.63,36.21,7816,22070429
Non-Hispanic White,Male,75+ years,Liver and Intrahepatic Bile Duct,16.37,0.27,15.85,16.92,3614,22070429
Non-Hispanic White,Male,75+ years,Lung and Bronchus,81.93,0.61,80.74,83.13,18082,22070429
Non-Hispanic White,Male,75+ years,Pancreas,21.67,0.31,21.06,22.29,4783,22070429
Non-Hispanic White,Male,75+ years,Ovary,0,,0,0.02,0,22070429
Non-Hispanic White,Male,75+ years,Thyroid,10.04,0.21,9.63,10.47,2216,22070429
Non-Hispanic White,Female,25-34 years,All Sites,109.15,1.96,105.33,113.07,3086,2827331
Non-Hispanic White,Female,25-34 years,Colon and Rectum,5.31,0.43,4.49,6.23,150,2827331
Non-Hispanic White,Female,25-34 years,Corpus Uteri,3.11,0.33,2.5,3.83,88,2827331
Non-Hispanic White,Female,25-34 years,Gallbladder,0,,0,0.13,0,2827331
Non-Hispanic White,Female,25-34 years,Kidney and Renal Pelvis,1.77,0.25,1.31,2.33,50,2827331
Non-Hispanic White,Female,25-34 years,oral cavity and pharynx and larynx,1.41,0.22,1.01,1.93,40,2827331
Non-Hispanic White,Female,25-34 years,Liver and Intrahepatic Bile Duct,0.28,0.1,0.12,0.56,8,2827331
Non-Hispanic White,Female,25-34 years,Lung and Bronchus,0.64,0.15,0.38,1.01,18,2827331
Non-Hispanic White,Female,25-34 years,Pancreas,0.53,0.14,0.3,0.88,15,2827331
Non-Hispanic White,Female,25-34 years,Ovary,2.9,0.32,2.31,3.6,82,2827331
Non-Hispanic White,Female,25-34 years,Thyroid,24.83,0.94,23.03,26.74,702,2827331
Non-Hispanic White,Female,35-44 years,All Sites,265.46,3.17,259.27,271.76,6991,2633529
Non-Hispanic White,Female,35-44 years,Colon and Rectum,16.14,0.78,14.64,17.75,425,2633529
Non-Hispanic White,Female,35-44 years,Corpus Uteri,10.48,0.63,9.28,11.79,276,2633529
Non-Hispanic White,Female,35-44 years,Gallbladder,0.19,0.08,0.06,0.44,5,2633529
Non-Hispanic White,Female,35-44 years,Kidney and Renal Pelvis,6.57,0.5,5.63,7.62,173,2633529
Non-Hispanic White,Female,35-44 years,oral cavity and pharynx and larynx,3.68,0.37,2.99,4.49,97,2633529
Non-Hispanic White,Female,35-44 years,Liver and Intrahepatic Bile Duct,0.99,0.19,0.64,1.45,26,2633529
Non-Hispanic White,Female,35-44 years,Lung and Bronchus,3.72,0.38,3.02,4.54,98,2633529
Non-Hispanic White,Female,35-44 years,Pancreas,2.24,0.29,1.71,2.89,59,2633529
Non-Hispanic White,Female,35-44 years,Ovary,5.28,0.45,4.44,6.23,139,2633529
Non-Hispanic White,Female,35-44 years,Thyroid,35.35,1.16,33.12,37.7,931,2633529
Non-Hispanic White,Female,45-54 years,All Sites,567.84,4.41,559.23,576.54,16596,2922680
Non-Hispanic White,Female,45-54 years,Colon and Rectum,41.78,1.2,39.47,44.19,1221,2922680
Non-Hispanic White,Female,45-54 years,Corpus Uteri,37.02,1.13,34.85,39.29,1082,2922680
Non-Hispanic White,Female,45-54 years,Gallbladder,0.82,0.17,0.53,1.22,24,2922680
Non-Hispanic White,Female,45-54 years,Kidney and Renal Pelvis,15.23,0.72,13.84,16.71,445,2922680
Non-Hispanic White,Female,45-54 years,oral cavity and pharynx and larynx,11.67,0.63,10.46,12.97,341,2922680
Non-Hispanic White,Female,45-54 years,Liver and Intrahepatic Bile Duct,2.77,0.31,2.2,3.44,81,2922680
Non-Hispanic White,Female,45-54 years,Lung and Bronchus,31.41,1.04,29.41,33.51,918,2922680
Non-Hispanic White,Female,45-54 years,Pancreas,6.84,0.48,5.93,7.86,200,2922680
Non-Hispanic White,Female,45-54 years,Ovary,13.75,0.69,12.44,15.17,402,2922680
Non-Hispanic White,Female,45-54 years,Thyroid,35.82,1.11,33.69,38.06,1047,2922680
Non-Hispanic White,Female,55-64 years,All Sites,942.58,5.29,932.24,953,31779,3371496
Non-Hispanic White,Female,55-64 years,Colon and Rectum,59.83,1.33,57.24,62.49,2017,3371496
Non-Hispanic White,Female,55-64 years,Corpus Uteri,88.98,1.62,85.83,92.22,3000,3371496
Non-Hispanic White,Female,55-64 years,Gallbladder,1.72,0.23,1.31,2.22,58,3371496
Non-Hispanic White,Female,55-64 years,Kidney and Renal Pelvis,25.18,0.86,23.52,26.93,849,3371496
Non-Hispanic White,Female,55-64 years,oral cavity and pharynx and larynx,22.36,0.81,20.8,24.02,754,3371496
Non-Hispanic White,Female,55-64 years,Liver and Intrahepatic Bile Duct,9.14,0.52,8.14,10.21,308,3371496
Non-Hispanic White,Female,55-64 years,Lung and Bronchus,109.51,1.8,106,113.1,3692,3371496
Non-Hispanic White,Female,55-64 years,Pancreas,21.15,0.79,19.62,22.76,713,3371496
Non-Hispanic White,Female,55-64 years,Ovary,23.22,0.83,21.63,24.91,783,3371496
Non-Hispanic White,Female,55-64 years,Thyroid,31.56,0.97,29.69,33.51,1064,3371496
Non-Hispanic White,Female,65-74 years,All Sites,1541.05,7.63,1526.14,1556.06,40844,2650409
Non-Hispanic White,Female,65-74 years,Colon and Rectum,103.27,1.97,99.43,107.21,2737,2650409
Non-Hispanic White,Female,65-74 years,Corpus Uteri,112.85,2.06,108.84,116.97,2991,2650409
Non-Hispanic White,Female,65-74 years,Gallbladder,4.34,0.4,3.58,5.21,115,2650409
Non-Hispanic White,Female,65-74 years,Kidney and Renal Pelvis,42.11,1.26,39.67,44.65,1116,2650409
Non-Hispanic White,Female,65-74 years,oral cavity and pharynx and larynx,29.13,1.05,27.11,31.26,772,2650409
Non-Hispanic White,Female,65-74 years,Liver and Intrahepatic Bile Duct,17.17,0.8,15.63,18.82,455,2650409
Non-Hispanic White,Female,65-74 years,Lung and Bronchus,238.34,3,232.5,244.29,6317,2650409
Non-Hispanic White,Female,65-74 years,Pancreas,48.94,1.36,46.31,51.67,1297,2650409
Non-Hispanic White,Female,65-74 years,Ovary,33.92,1.13,31.74,36.21,899,2650409
Non-Hispanic White,Female,65-74 years,Thyroid,32.3,1.1,30.17,34.53,856,2650409
Non-Hispanic White,Female,75+ years,All Sites,636.57,1.68,633.28,639.88,143006,22465038
Non-Hispanic White,Female,75+ years,Colon and Rectum,48.6,0.47,47.69,49.52,10917,22465038
Non-Hispanic White,Female,75+ years,Corpus Uteri,40.32,0.42,39.49,41.16,9058,22465038
Non-Hispanic White,Female,75+ years,Gallbladder,1.7,0.09,1.53,1.88,382,22465038
Non-Hispanic White,Female,75+ years,Kidney and Renal Pelvis,16.35,0.27,15.82,16.88,3672,22465038
Non-Hispanic White,Female,75+ years,oral cavity and pharynx and larynx,12.69,0.24,12.22,13.16,2850,22465038
Non-Hispanic White,Female,75+ years,Liver and Intrahepatic Bile Duct,6.21,0.17,5.89,6.54,1395,22465038
Non-Hispanic White,Female,75+ years,Lung and Bronchus,80.76,0.6,79.59,81.94,18142,22465038
Non-Hispanic White,Female,75+ years,Pancreas,18.31,0.29,17.76,18.88,4114,22465038
Non-Hispanic White,Female,75+ years,Ovary,14.39,0.25,13.9,14.89,3232,22465038
Non-Hispanic White,Female,75+ years,Thyroid,23.52,0.32,22.89,24.16,5284,22465038
Non-Hispanic Black,Male and female,25-34 years,All Sites,56.65,1.91,52.97,60.52,882,1556892
Non-Hispanic Black,Male and female,25-34 years,Colon and Rectum,4.05,0.51,3.11,5.18,63,1556892
Non-Hispanic Black,Male and female,25-34 years,Corpus Uteri,1.22,0.28,0.73,1.91,19,1556892
Non-Hispanic Black,Male and female,25-34 years,Gallbladder,0.06,0.06,0,0.36,1,1556892
Non-Hispanic Black,Male and female,25-34 years,Kidney and Renal Pelvis,1.54,0.31,0.99,2.29,24,1556892
Non-Hispanic Black,Male and female,25-34 years,oral cavity and pharynx and larynx,1.09,0.26,0.64,1.75,17,1556892
Non-Hispanic Black,Male and female,25-34 years,Liver and Intrahepatic Bile Duct,0.51,0.18,0.22,1.01,8,1556892
Non-Hispanic Black,Male and female,25-34 years,Lung and Bronchus,0.64,0.2,0.31,1.18,10,1556892
Non-Hispanic Black,Male and female,25-34 years,Pancreas,0.71,0.21,0.35,1.26,11,1556892
Non-Hispanic Black,Male and female,25-34 years,Ovary,1.09,0.26,0.64,1.75,17,1556892
Non-Hispanic Black,Male and female,25-34 years,Thyroid,5.52,0.6,4.42,6.82,86,1556892
Non-Hispanic Black,Male and female,35-44 years,All Sites,180.41,3.76,173.12,187.93,2307,1278752
Non-Hispanic Black,Male and female,35-44 years,Colon and Rectum,19.71,1.24,17.35,22.3,252,1278752
Non-Hispanic Black,Male and female,35-44 years,Corpus Uteri,5.55,0.66,4.34,7,71,1278752
Non-Hispanic Black,Male and female,35-44 years,Gallbladder,0.23,0.14,0.05,0.69,3,1278752
Non-Hispanic Black,Male and female,35-44 years,Kidney and Renal Pelvis,8.76,0.83,7.21,10.54,112,1278752
Non-Hispanic Black,Male and female,35-44 years,oral cavity and pharynx and larynx,4.14,0.57,3.1,5.42,53,1278752
Non-Hispanic Black,Male and female,35-44 years,Liver and Intrahepatic Bile Duct,1.41,0.33,0.83,2.22,18,1278752
Non-Hispanic Black,Male and female,35-44 years,Lung and Bronchus,6.41,0.71,5.1,7.96,82,1278752
Non-Hispanic Black,Male and female,35-44 years,Pancreas,2.5,0.44,1.71,3.53,32,1278752
Non-Hispanic Black,Male and female,35-44 years,Ovary,2.82,0.47,1.97,3.9,36,1278752
Non-Hispanic Black,Male and female,35-44 years,Thyroid,10.09,0.89,8.42,11.99,129,1278752
Non-Hispanic Black,Male and female,45-54 years,All Sites,471.71,6.14,459.76,483.89,5909,1252683
Non-Hispanic Black,Male and female,45-54 years,Colon and Rectum,56.76,2.13,52.66,61.09,711,1252683
Non-Hispanic Black,Male and female,45-54 years,Corpus Uteri,13.09,1.02,11.16,15.26,164,1252683
Non-Hispanic Black,Male and female,45-54 years,Gallbladder,1.28,0.32,0.73,2.07,16,1252683
Non-Hispanic Black,Male and female,45-54 years,Kidney and Renal Pelvis,22.27,1.33,19.74,25.04,279,1252683
Non-Hispanic Black,Male and female,45-54 years,oral cavity and pharynx and larynx,16.52,1.15,14.35,18.94,207,1252683
Non-Hispanic Black,Male and female,45-54 years,Liver and Intrahepatic Bile Duct,6.07,0.7,4.78,7.59,76,1252683
Non-Hispanic Black,Male and female,45-54 years,Lung and Bronchus,24.27,1.39,21.62,27.16,304,1252683
Non-Hispanic Black,Male and female,45-54 years,Pancreas,10.22,0.9,8.52,12.15,128,1252683
Non-Hispanic Black,Male and female,45-54 years,Ovary,6.23,0.71,4.92,7.77,78,1252683
Non-Hispanic Black,Male and female,45-54 years,Thyroid,13.09,1.02,11.16,15.26,164,1252683
Non-Hispanic Black,Male and female,55-64 years,All Sites,1133.89,9.89,1114.58,1153.45,13136,1158493
Non-Hispanic Black,Male and female,55-64 years,Colon and Rectum,96.59,2.89,91.01,102.42,1119,1158493
Non-Hispanic Black,Male and female,55-64 years,Corpus Uteri,46.61,2.01,42.76,50.71,540,1158493
Non-Hispanic Black,Male and female,55-64 years,Gallbladder,3.37,0.54,2.39,4.6,39,1158493
Non-Hispanic Black,Male and female,55-64 years,Kidney and Renal Pelvis,47.39,2.02,43.51,51.52,549,1158493
Non-Hispanic Black,Male and female,55-64 years,oral cavity and pharynx and larynx,37.46,1.8,34.02,41.16,434,1158493
Non-Hispanic Black,Male and female,55-64 years,Liver and Intrahepatic Bile Duct,35.22,1.74,31.88,38.81,408,1158493
Non-Hispanic Black,Male and female,55-64 years,Lung and Bronchus,130.95,3.36,124.44,137.71,1517,1158493
Non-Hispanic Black,Male and female,55-64 years,Pancreas,37.38,1.8,33.94,41.07,433,1158493
Non-Hispanic Black,Male and female,55-64 years,Ovary,10.1,0.93,8.35,12.1,117,1158493
Non-Hispanic Black,Male and female,55-64 years,Thyroid,17.87,1.24,15.52,20.48,207,1158493
Non-Hispanic Black,Male and female,65-74 years,All Sites,1923.04,16.77,1890.32,1956.19,13153,683968
Non-Hispanic Black,Male and female,65-74 years,Colon and Rectum,159.51,4.83,150.18,169.26,1091,683968
Non-Hispanic Black,Male and female,65-74 years,Corpus Uteri,74.56,3.3,68.23,81.33,510,683968
Non-Hispanic Black,Male and female,65-74 years,Gallbladder,6.58,0.98,4.8,8.8,45,683968
Non-Hispanic Black,Male and female,65-74 years,Kidney and Renal Pelvis,72.08,3.25,65.86,78.73,493,683968
Non-Hispanic Black,Male and female,65-74 years,oral cavity and pharynx and larynx,51.61,2.75,46.37,57.29,353,683968
Non-Hispanic Black,Male and female,65-74 years,Liver and Intrahepatic Bile Duct,60.53,2.97,54.84,66.65,414,683968
Non-Hispanic Black,Male and female,65-74 years,Lung and Bronchus,270.77,6.29,258.58,283.39,1852,683968
Non-Hispanic Black,Male and female,65-74 years,Pancreas,73.25,3.27,66.97,79.95,501,683968
Non-Hispanic Black,Male and female,65-74 years,Ovary,15.64,1.51,12.82,18.9,107,683968
Non-Hispanic Black,Male and female,65-74 years,Thyroid,22.66,1.82,19.23,26.52,155,683968
Non-Hispanic Black,Male and female,75+ years,All Sites,444.48,2.12,440.35,448.65,44159,9934931
Non-Hispanic Black,Male and female,75+ years,Colon and Rectum,41.24,0.64,39.99,42.52,4097,9934931
Non-Hispanic Black,Male and female,75+ years,Corpus Uteri,15.44,0.39,14.68,16.23,1534,9934931
Non-Hispanic Black,Male and female,75+ years,Gallbladder,1.37,0.12,1.15,1.62,136,9934931
Non-Hispanic Black,Male and female,75+ years,Kidney and Renal Pelvis,17.79,0.42,16.97,18.63,1767,9934931
Non-Hispanic Black,Male and female,75+ years,oral cavity and pharynx and larynx,12.56,0.36,11.87,13.28,1248,9934931
Non-Hispanic Black,Male and female,75+ years,Liver and Intrahepatic Bile Duct,10.95,0.33,10.31,11.62,1088,9934931
Non-Hispanic Black,Male and female,75+ years,Lung and Bronchus,51.88,0.72,50.47,53.31,5154,9934931
Non-Hispanic Black,Male and female,75+ years,Pancreas,15.38,0.39,14.62,16.17,1528,9934931
Non-Hispanic Black,Male and female,75+ years,Ovary,4.59,0.21,4.18,5.03,456,9934931
Non-Hispanic Black,Male and female,75+ years,Thyroid,8.31,0.29,7.76,8.9,826,9934931
Non-Hispanic Black,Male,25-34 years,All Sites,36.38,2.16,32.27,40.87,284,780654
Non-Hispanic Black,Male,25-34 years,Colon and Rectum,3.84,0.7,2.59,5.49,30,780654
Non-Hispanic Black,Male,25-34 years,Corpus Uteri,0,,0,0.47,0,780654
Non-Hispanic Black,Male,25-34 years,Gallbladder,0,,0,0.47,0,780654
Non-Hispanic Black,Male,25-34 years,Kidney and Renal Pelvis,1.54,0.44,0.79,2.69,12,780654
Non-Hispanic Black,Male,25-34 years,oral cavity and pharynx and larynx,1.02,0.36,0.44,2.02,8,780654
Non-Hispanic Black,Male,25-34 years,Liver and Intrahepatic Bile Duct,0.38,0.22,0.08,1.12,3,780654
Non-Hispanic Black,Male,25-34 years,Lung and Bronchus,0.38,0.22,0.08,1.12,3,780654
Non-Hispanic Black,Male,25-34 years,Pancreas,0.13,0.13,0,0.71,1,780654
Non-Hispanic Black,Male,25-34 years,Ovary,0,,0,0.47,0,780654
Non-Hispanic Black,Male,25-34 years,Thyroid,1.54,0.44,0.79,2.69,12,780654
Non-Hispanic Black,Male,35-44 years,All Sites,119.05,4.42,110.55,128.02,727,610690
Non-Hispanic Black,Male,35-44 years,Colon and Rectum,18.67,1.75,15.4,22.43,114,610690
Non-Hispanic Black,Male,35-44 years,Corpus Uteri,0,,0,0.6,0,610690
Non-Hispanic Black,Male,35-44 years,Gallbladder,0,,0,0.6,0,610690
Non-Hispanic Black,Male,35-44 years,Kidney and Renal Pelvis,11.3,1.36,8.79,14.3,69,610690
Non-Hispanic Black,Male,35-44 years,oral cavity and pharynx and larynx,5.89,0.98,4.13,8.16,36,610690
Non-Hispanic Black,Male,35-44 years,Liver and Intrahepatic Bile Duct,1.47,0.49,0.67,2.8,9,610690
Non-Hispanic Black,Male,35-44 years,Lung and Bronchus,6.71,1.05,4.82,9.11,41,610690
Non-Hispanic Black,Male,35-44 years,Pancreas,1.96,0.57,1.02,3.43,12,610690
Non-Hispanic Black,Male,35-44 years,Ovary,0,,0,0.6,0,610690
Non-Hispanic Black,Male,35-44 years,Thyroid,2.46,0.63,1.37,4.05,15,610690
Non-Hispanic Black,Male,45-54 years,All Sites,458.95,8.8,441.85,476.53,2717,592009
Non-Hispanic Black,Male,45-54 years,Colon and Rectum,63.51,3.28,57.25,70.27,376,592009
Non-Hispanic Black,Male,45-54 years,Corpus Uteri,0,,0,0.62,0,592009
Non-Hispanic Black,Male,45-54 years,Gallbladder,0.68,0.34,0.18,1.73,4,592009
Non-Hispanic Black,Male,45-54 years,Kidney and Renal Pelvis,32.26,2.33,27.85,37.18,191,592009
Non-Hispanic Black,Male,45-54 years,oral cavity and pharynx and larynx,26.01,2.1,22.07,30.46,154,592009
Non-Hispanic Black,Male,45-54 years,Liver and Intrahepatic Bile Duct,9.46,1.26,7.15,12.28,56,592009
Non-Hispanic Black,Male,45-54 years,Lung and Bronchus,28.38,2.19,24.25,33.01,168,592009
Non-Hispanic Black,Male,45-54 years,Pancreas,11.15,1.37,8.62,14.18,66,592009
Non-Hispanic Black,Male,45-54 years,Ovary,0,,0,0.62,0,592009
Non-Hispanic Black,Male,45-54 years,Thyroid,3.72,0.79,2.33,5.63,22,592009
Non-Hispanic Black,Male,55-64 years,All Sites,1373.35,16,1342.16,1405.07,7367,536427
Non-Hispanic Black,Male,55-64 years,Colon and Rectum,112.6,4.58,103.8,121.95,604,536427
Non-Hispanic Black,Male,55-64 years,Corpus Uteri,0,,0,0.69,0,536427
Non-Hispanic Black,Male,55-64 years,Gallbladder,2.24,0.65,1.16,3.91,12,536427
Non-Hispanic Black,Male,55-64 years,Kidney and Renal Pelvis,64.31,3.46,57.71,71.47,345,536427
Non-Hispanic Black,Male,55-64 years,oral cavity and pharynx and larynx,61.52,3.39,55.06,68.53,330,536427
Non-Hispanic Black,Male,55-64 years,Liver and Intrahepatic Bile Duct,58.91,3.31,52.59,65.77,316,536427
Non-Hispanic Black,Male,55-64 years,Lung and Bronchus,153.42,5.35,143.12,164.27,823,536427
Non-Hispanic Black,Male,55-64 years,Pancreas,41.2,2.77,35.95,47,221,536427
Non-Hispanic Black,Male,55-64 years,Ovary,0,,0,0.69,0,536427
Non-Hispanic Black,Male,55-64 years,Thyroid,10.81,1.42,8.21,13.98,58,536427
Non-Hispanic Black,Male,65-74 years,All Sites,2489.93,29.07,2433.26,2547.57,7334,294547
Non-Hispanic Black,Male,65-74 years,Colon and Rectum,193.18,8.1,177.63,209.72,569,294547
Non-Hispanic Black,Male,65-74 years,Corpus Uteri,0,,0,1.25,0,294547
Non-Hispanic Black,Male,65-74 years,Gallbladder,6.45,1.48,3.88,10.07,19,294547
Non-Hispanic Black,Male,65-74 years,Kidney and Renal Pelvis,96.76,5.73,85.85,108.67,285,294547
Non-Hispanic Black,Male,65-74 years,oral cavity and pharynx and larynx,87.25,5.44,76.91,98.6,257,294547
Non-Hispanic Black,Male,65-74 years,Liver and Intrahepatic Bile Duct,104.57,5.96,93.21,116.92,308,294547
Non-Hispanic Black,Male,65-74 years,Lung and Bronchus,342.56,10.78,321.75,364.37,1009,294547
Non-Hispanic Black,Male,65-74 years,Pancreas,83.86,5.34,73.72,94.99,247,294547
Non-Hispanic Black,Male,65-74 years,Ovary,0,,0,1.25,0,294547
Non-Hispanic Black,Male,65-74 years,Thyroid,13.24,2.12,9.42,18.1,39,294547
Non-Hispanic Black,Male,75+ years,All Sites,469.94,3.13,463.82,476.12,22521,4792305
Non-Hispanic Black,Male,75+ years,Colon and Rectum,43.32,0.95,41.48,45.22,2076,4792305
Non-Hispanic Black,Male,75+ years,Corpus Uteri,0,,0,0.08,0,4792305
Non-Hispanic Black,Male,75+ years,Gallbladder,0.9,0.14,0.65,1.21,43,4792305
Non-Hispanic Black,Male,75+ years,Kidney and Renal Pelvis,21.95,0.68,20.65,23.32,1052,4792305
Non-Hispanic Black,Male,75+ years,oral cavity and pharynx and larynx,18.88,0.63,17.67,20.16,905,4792305
Non-Hispanic Black,Male,75+ years,Liver and Intrahepatic Bile Duct,16.42,0.59,15.29,17.61,787,4792305
Non-Hispanic Black,Male,75+ years,Lung and Bronchus,57.51,1.1,55.38,59.7,2756,4792305
Non-Hispanic Black,Male,75+ years,Pancreas,14.98,0.56,13.91,16.12,718,4792305
Non-Hispanic Black,Male,75+ years,Ovary,0,,0,0.08,0,4792305
Non-Hispanic Black,Male,75+ years,Thyroid,3.34,0.26,2.84,3.9,160,4792305
Non-Hispanic Black,Female,25-34 years,All Sites,77.04,3.15,70.99,83.47,598,776238
Non-Hispanic Black,Female,25-34 years,Colon and Rectum,4.25,0.74,2.93,5.97,33,776238
Non-Hispanic Black,Female,25-34 years,Corpus Uteri,2.45,0.56,1.47,3.82,19,776238
Non-Hispanic Black,Female,25-34 years,Gallbladder,0.13,0.13,0,0.72,1,776238
Non-Hispanic Black,Female,25-34 years,Kidney and Renal Pelvis,1.55,0.45,0.8,2.7,12,776238
Non-Hispanic Black,Female,25-34 years,oral cavity and pharynx and larynx,1.16,0.39,0.53,2.2,9,776238
Non-Hispanic Black,Female,25-34 years,Liver and Intrahepatic Bile Duct,0.64,0.29,0.21,1.5,5,776238
Non-Hispanic Black,Female,25-34 years,Lung and Bronchus,0.9,0.34,0.36,1.86,7,776238
Non-Hispanic Black,Female,25-34 years,Pancreas,1.29,0.41,0.62,2.37,10,776238
Non-Hispanic Black,Female,25-34 years,Ovary,2.19,0.53,1.28,3.51,17,776238
Non-Hispanic Black,Female,25-34 years,Thyroid,9.53,1.11,7.49,11.97,74,776238
Non-Hispanic Black,Female,35-44 years,All Sites,236.5,5.95,224.99,248.46,1580,668062
Non-Hispanic Black,Female,35-44 years,Colon and Rectum,20.66,1.76,17.35,24.4,138,668062
Non-Hispanic Black,Female,35-44 years,Corpus Uteri,10.63,1.26,8.3,13.41,71,668062
Non-Hispanic Black,Female,35-44 years,Gallbladder,0.45,0.26,0.09,1.31,3,668062
Non-Hispanic Black,Female,35-44 years,Kidney and Renal Pelvis,6.44,0.98,4.66,8.67,43,668062
Non-Hispanic Black,Female,35-44 years,oral cavity and pharynx and larynx,2.54,0.62,1.48,4.07,17,668062
Non-Hispanic Black,Female,35-44 years,Liver and Intrahepatic Bile Duct,1.35,0.45,0.62,2.56,9,668062
Non-Hispanic Black,Female,35-44 years,Lung and Bronchus,6.14,0.96,4.4,8.33,41,668062
Non-Hispanic Black,Female,35-44 years,Pancreas,2.99,0.67,1.83,4.62,20,668062
Non-Hispanic Black,Female,35-44 years,Ovary,5.39,0.9,3.77,7.46,36,668062
Non-Hispanic Black,Female,35-44 years,Thyroid,17.06,1.6,14.08,20.5,114,668062
Non-Hispanic Black,Female,45-54 years,All Sites,483.14,8.55,466.53,500.2,3192,660674
Non-Hispanic Black,Female,45-54 years,Colon and Rectum,50.71,2.77,45.42,56.44,335,660674
Non-Hispanic Black,Female,45-54 years,Corpus Uteri,24.82,1.94,21.17,28.93,164,660674
Non-Hispanic Black,Female,45-54 years,Gallbladder,1.82,0.52,0.94,3.17,12,660674
Non-Hispanic Black,Female,45-54 years,Kidney and Renal Pelvis,13.32,1.42,10.68,16.41,88,660674
Non-Hispanic Black,Female,45-54 years,oral cavity and pharynx and larynx,8.02,1.1,6.01,10.49,53,660674
Non-Hispanic Black,Female,45-54 years,Liver and Intrahepatic Bile Duct,3.03,0.68,1.85,4.68,20,660674
Non-Hispanic Black,Female,45-54 years,Lung and Bronchus,20.59,1.77,17.27,24.35,136,660674
Non-Hispanic Black,Female,45-54 years,Pancreas,9.38,1.19,7.19,12.03,62,660674
Non-Hispanic Black,Female,45-54 years,Ovary,11.81,1.34,9.33,14.73,78,660674
Non-Hispanic Black,Female,45-54 years,Thyroid,21.49,1.8,18.1,25.33,142,660674
Non-Hispanic Black,Female,55-64 years,All Sites,927.39,12.21,903.62,951.64,5769,622066
Non-Hispanic Black,Female,55-64 years,Colon and Rectum,82.79,3.65,75.79,90.26,515,622066
Non-Hispanic Black,Female,55-64 years,Corpus Uteri,86.81,3.74,79.64,94.45,540,622066
Non-Hispanic Black,Female,55-64 years,Gallbladder,4.34,0.84,2.86,6.32,27,622066
Non-Hispanic Black,Female,55-64 years,Kidney and Renal Pelvis,32.79,2.3,28.45,37.62,204,622066
Non-Hispanic Black,Female,55-64 years,oral cavity and pharynx and larynx,16.72,1.64,13.66,20.26,104,622066
Non-Hispanic Black,Female,55-64 years,Liver and Intrahepatic Bile Duct,14.79,1.54,11.92,18.14,92,622066
Non-Hispanic Black,Female,55-64 years,Lung and Bronchus,111.56,4.23,103.42,120.18,694,622066
Non-Hispanic Black,Female,55-64 years,Pancreas,34.08,2.34,29.65,38.99,212,622066
Non-Hispanic Black,Female,55-64 years,Ovary,18.81,1.74,15.55,22.54,117,622066
Non-Hispanic Black,Female,55-64 years,Thyroid,23.95,1.96,20.26,28.12,149,622066
Non-Hispanic Black,Female,65-74 years,All Sites,1494.27,19.59,1456.12,1533.17,5819,389421
Non-Hispanic Black,Female,65-74 years,Colon and Rectum,134.05,5.87,122.79,146.05,522,389421
Non-Hispanic Black,Female,65-74 years,Corpus Uteri,130.96,5.8,119.84,142.84,510,389421
Non-Hispanic Black,Female,65-74 years,Gallbladder,6.68,1.31,4.36,9.78,26,389421
Non-Hispanic Black,Female,65-74 years,Kidney and Renal Pelvis,53.41,3.7,46.4,61.19,208,389421
Non-Hispanic Black,Female,65-74 years,oral cavity and pharynx and larynx,24.65,2.52,19.97,30.1,96,389421
Non-Hispanic Black,Female,65-74 years,Liver and Intrahepatic Bile Duct,27.22,2.64,22.29,32.92,106,389421
Non-Hispanic Black,Female,65-74 years,Lung and Bronchus,216.48,7.46,202.11,231.6,843,389421
Non-Hispanic Black,Female,65-74 years,Pancreas,65.23,4.09,57.45,73.76,254,389421
Non-Hispanic Black,Female,65-74 years,Ovary,27.48,2.66,22.52,33.2,107,389421
Non-Hispanic Black,Female,65-74 years,Thyroid,29.79,2.77,24.61,35.73,116,389421
Non-Hispanic Black,Female,75+ years,All Sites,420.76,2.86,415.17,426.4,21638,5142626
Non-Hispanic Black,Female,75+ years,Colon and Rectum,39.3,0.87,37.6,41.05,2021,5142626
Non-Hispanic Black,Female,75+ years,Corpus Uteri,29.83,0.76,28.35,31.36,1534,5142626
Non-Hispanic Black,Female,75+ years,Gallbladder,1.81,0.19,1.46,2.22,93,5142626
Non-Hispanic Black,Female,75+ years,Kidney and Renal Pelvis,13.9,0.52,12.9,14.96,715,5142626
Non-Hispanic Black,Female,75+ years,oral cavity and pharynx and larynx,6.67,0.36,5.98,7.41,343,5142626
Non-Hispanic Black,Female,75+ years,Liver and Intrahepatic Bile Duct,5.85,0.34,5.21,6.55,301,5142626
Non-Hispanic Black,Female,75+ years,Lung and Bronchus,46.63,0.95,44.78,48.53,2398,5142626
Non-Hispanic Black,Female,75+ years,Pancreas,15.75,0.55,14.68,16.87,810,5142626
Non-Hispanic Black,Female,75+ years,Ovary,8.87,0.42,8.07,9.72,456,5142626
Non-Hispanic Black,Female,75+ years,Thyroid,12.95,0.5,11.99,13.97,666,5142626
Hispanic (All Races),Male and female,25-34 years,All Sites,69.21,1.41,66.47,72.03,2405,3474967
Hispanic (All Races),Male and female,25-34 years,Colon and Rectum,5.24,0.39,4.5,6.06,182,3474967
Hispanic (All Races),Male and female,25-34 years,Corpus Uteri,2.82,0.28,2.29,3.44,98,3474967
Hispanic (All Races),Male and female,25-34 years,Gallbladder,0,,0,0.11,0,3474967
Hispanic (All Races),Male and female,25-34 years,Kidney and Renal Pelvis,1.96,0.24,1.52,2.48,68,3474967
Hispanic (All Races),Male and female,25-34 years,oral cavity and pharynx and larynx,1.01,0.17,0.7,1.4,35,3474967
Hispanic (All Races),Male and female,25-34 years,Liver and Intrahepatic Bile Duct,0.32,0.1,0.16,0.57,11,3474967
Hispanic (All Races),Male and female,25-34 years,Lung and Bronchus,0.81,0.15,0.54,1.16,28,3474967
Hispanic (All Races),Male and female,25-34 years,Pancreas,0.75,0.15,0.49,1.1,26,3474967
Hispanic (All Races),Male and female,25-34 years,Ovary,1.5,0.21,1.12,1.96,52,3474967
Hispanic (All Races),Male and female,25-34 years,Thyroid,12.72,0.61,11.56,13.96,442,3474967
Hispanic (All Races),Male and female,35-44 years,All Sites,149.47,2.21,145.17,153.86,4579,3063538
Hispanic (All Races),Male and female,35-44 years,Colon and Rectum,12.76,0.65,11.53,14.09,391,3063538
Hispanic (All Races),Male and female,35-44 years,Corpus Uteri,7.93,0.51,6.97,8.99,243,3063538
Hispanic (All Races),Male and female,35-44 years,Gallbladder,0.42,0.12,0.23,0.73,13,3063538
Hispanic (All Races),Male and female,35-44 years,Kidney and Renal Pelvis,9.53,0.56,8.47,10.69,292,3063538
Hispanic (All Races),Male and female,35-44 years,oral cavity and pharynx and larynx,2.42,0.28,1.9,3.03,74,3063538
Hispanic (All Races),Male and female,35-44 years,Liver and Intrahepatic Bile Duct,0.72,0.15,0.45,1.09,22,3063538
Hispanic (All Races),Male and female,35-44 years,Lung and Bronchus,2.74,0.3,2.19,3.39,84,3063538
Hispanic (All Races),Male and female,35-44 years,Pancreas,1.96,0.25,1.49,2.52,60,3063538
Hispanic (All Races),Male and female,35-44 years,Ovary,3.17,0.32,2.57,3.86,97,3063538
Hispanic (All Races),Male and female,35-44 years,Thyroid,18.02,0.77,16.55,19.59,552,3063538
Hispanic (All Races),Male and female,45-54 years,All Sites,336.81,3.62,329.74,343.98,8637,2564390
Hispanic (All Races),Male and female,45-54 years,Colon and Rectum,40.28,1.25,37.86,42.82,1033,2564390
Hispanic (All Races),Male and female,45-54 years,Corpus Uteri,17.28,0.82,15.7,18.96,443,2564390
Hispanic (All Races),Male and female,45-54 years,Gallbladder,1.91,0.27,1.41,2.53,49,2564390
Hispanic (All Races),Male and female,45-54 years,Kidney and Renal Pelvis,20.43,0.89,18.72,22.26,524,2564390
Hispanic (All Races),Male and female,45-54 years,oral cavity and pharynx and larynx,10.18,0.63,8.98,11.49,261,2564390
Hispanic (All Races),Male and female,45-54 years,Liver and Intrahepatic Bile Duct,8.66,0.58,7.56,9.87,222,2564390
Hispanic (All Races),Male and female,45-54 years,Lung and Bronchus,9.2,0.6,8.07,10.46,236,2564390
Hispanic (All Races),Male and female,45-54 years,Pancreas,7.21,0.53,6.21,8.33,185,2564390
Hispanic (All Races),Male and female,45-54 years,Ovary,7.92,0.56,6.86,9.08,203,2564390
Hispanic (All Races),Male and female,45-54 years,Thyroid,22.38,0.93,20.59,24.29,574,2564390
Hispanic (All Races),Male and female,55-64 years,All Sites,732.87,6.37,720.43,745.47,13222,1804131
Hispanic (All Races),Male and female,55-64 years,Colon and Rectum,72.11,2,68.25,76.14,1301,1804131
Hispanic (All Races),Male and female,55-64 years,Corpus Uteri,42.01,1.53,39.08,45.12,758,1804131
Hispanic (All Races),Male and female,55-64 years,Gallbladder,3.16,0.42,2.39,4.09,57,1804131
Hispanic (All Races),Male and female,55-64 years,Kidney and Renal Pelvis,44.62,1.57,41.59,47.81,805,1804131
Hispanic (All Races),Male and female,55-64 years,oral cavity and pharynx and larynx,21.84,1.1,19.74,24.11,394,1804131
Hispanic (All Races),Male and female,55-64 years,Liver and Intrahepatic Bile Duct,37.08,1.43,34.32,40,669,1804131
Hispanic (All Races),Male and female,55-64 years,Lung and Bronchus,39.96,1.49,37.1,42.99,721,1804131
Hispanic (All Races),Male and female,55-64 years,Pancreas,23.22,1.13,21.05,25.56,419,1804131
Hispanic (All Races),Male and female,55-64 years,Ovary,11.86,0.81,10.33,13.56,214,1804131
Hispanic (All Races),Male and female,55-64 years,Thyroid,23.17,1.13,21,25.5,418,1804131
Hispanic (All Races),Male and female,65-74 years,All Sites,1335.12,11.82,1312.07,1358.49,12769,956390
Hispanic (All Races),Male and female,65-74 years,Colon and Rectum,117.21,3.5,110.45,124.28,1121,956390
Hispanic (All Races),Male and female,65-74 years,Corpus Uteri,52.49,2.34,48,57.29,502,956390
Hispanic (All Races),Male and female,65-74 years,Gallbladder,8.26,0.93,6.54,10.29,79,956390
Hispanic (All Races),Male and female,65-74 years,Kidney and Renal Pelvis,65.35,2.61,60.33,70.68,625,956390
Hispanic (All Races),Male and female,65-74 years,oral cavity and pharynx and larynx,36.18,1.94,32.47,40.2,346,956390
Hispanic (All Races),Male and female,65-74 years,Liver and Intrahepatic Bile Duct,69.53,2.7,64.35,75.02,665,956390
Hispanic (All Races),Male and female,65-74 years,Lung and Bronchus,115.02,3.47,108.32,122.02,1100,956390
Hispanic (All Races),Male and female,65-74 years,Pancreas,49.56,2.28,45.2,54.23,474,956390
Hispanic (All Races),Male and female,65-74 years,Ovary,17.25,1.34,14.72,20.09,165,956390
Hispanic (All Races),Male and female,65-74 years,Thyroid,25.72,1.64,22.61,29.14,246,956390
Hispanic (All Races),Male and female,75+ years,All Sites,249.35,1.07,247.24,251.46,53847,21595355
Hispanic (All Races),Male and female,75+ years,Colon and Rectum,23.82,0.33,23.18,24.48,5145,21595355
Hispanic (All Races),Male and female,75+ years,Corpus Uteri,10.37,0.22,9.95,10.81,2240,21595355
Hispanic (All Races),Male and female,75+ years,Gallbladder,1.26,0.08,1.11,1.42,272,21595355
Hispanic (All Races),Male and female,75+ years,Kidney and Renal Pelvis,12.89,0.24,12.41,13.37,2783,21595355
Hispanic (All Races),Male and female,75+ years,oral cavity and pharynx and larynx,6.51,0.17,6.17,6.86,1406,21595355
Hispanic (All Races),Male and female,75+ years,Liver and Intrahepatic Bile Duct,9.58,0.21,9.17,10,2068,21595355
Hispanic (All Races),Male and female,75+ years,Lung and Bronchus,15.82,0.27,15.3,16.36,3417,21595355
Hispanic (All Races),Male and female,75+ years,Pancreas,7.92,0.19,7.55,8.3,1710,21595355
Hispanic (All Races),Male and female,75+ years,Ovary,4.08,0.14,3.81,4.36,881,21595355
Hispanic (All Races),Male and female,75+ years,Thyroid,11.84,0.23,11.39,12.31,2557,21595355
Hispanic (All Races),Male,25-34 years,All Sites,52.9,1.71,49.6,56.35,961,1816781
Hispanic (All Races),Male,25-34 years,Colon and Rectum,5.01,0.53,4.03,6.15,91,1816781
Hispanic (All Races),Male,25-34 years,Corpus Uteri,0,,0,0.2,0,1816781
Hispanic (All Races),Male,25-34 years,Gallbladder,0,,0,0.2,0,1816781
Hispanic (All Races),Male,25-34 years,Kidney and Renal Pelvis,1.98,0.33,1.39,2.74,36,1816781
Hispanic (All Races),Male,25-34 years,oral cavity and pharynx and larynx,1.05,0.24,0.63,1.63,19,1816781
Hispanic (All Races),Male,25-34 years,Liver and Intrahepatic Bile Duct,0.33,0.13,0.12,0.72,6,1816781
Hispanic (All Races),Male,25-34 years,Lung and Bronchus,0.83,0.21,0.46,1.36,15,1816781
Hispanic (All Races),Male,25-34 years,Pancreas,0.5,0.17,0.23,0.94,9,1816781
Hispanic (All Races),Male,25-34 years,Ovary,0,,0,0.2,0,1816781
Hispanic (All Races),Male,25-34 years,Thyroid,3.91,0.46,3.05,4.93,71,1816781
Hispanic (All Races),Male,35-44 years,All Sites,85.86,2.34,81.34,90.57,1349,1571106
Hispanic (All Races),Male,35-44 years,Colon and Rectum,13.05,0.91,11.32,14.96,205,1571106
Hispanic (All Races),Male,35-44 years,Corpus Uteri,0,,0,0.23,0,1571106
Hispanic (All Races),Male,35-44 years,Gallbladder,0.13,0.09,0.02,0.46,2,1571106
Hispanic (All Races),Male,35-44 years,Kidney and Renal Pelvis,10.06,0.8,8.55,11.75,158,1571106
Hispanic (All Races),Male,35-44 years,oral cavity and pharynx and larynx,2.93,0.43,2.14,3.91,46,1571106
Hispanic (All Races),Male,35-44 years,Liver and Intrahepatic Bile Duct,0.95,0.25,0.53,1.57,15,1571106
Hispanic (All Races),Male,35-44 years,Lung and Bronchus,2.29,0.38,1.6,3.17,36,1571106
Hispanic (All Races),Male,35-44 years,Pancreas,1.78,0.34,1.18,2.58,28,1571106
Hispanic (All Races),Male,35-44 years,Ovary,0,,0,0.23,0,1571106
Hispanic (All Races),Male,35-44 years,Thyroid,6.05,0.62,4.89,7.39,95,1571106
Hispanic (All Races),Male,45-54 years,All Sites,245.36,4.35,236.9,254.04,3178,1295262
Hispanic (All Races),Male,45-54 years,Colon and Rectum,43.08,1.82,39.58,46.81,558,1295262
Hispanic (All Races),Male,45-54 years,Corpus Uteri,0,,0,0.28,0,1295262
Hispanic (All Races),Male,45-54 years,Gallbladder,1.47,0.34,0.88,2.29,19,1295262
Hispanic (All Races),Male,45-54 years,Kidney and Renal Pelvis,24.09,1.36,21.49,26.91,312,1295262
Hispanic (All Races),Male,45-54 years,oral cavity and pharynx and larynx,14.21,1.05,12.23,16.41,184,1295262
Hispanic (All Races),Male,45-54 years,Liver and Intrahepatic Bile Duct,13.59,1.02,11.65,15.75,176,1295262
Hispanic (All Races),Male,45-54 years,Lung and Bronchus,8.26,0.8,6.77,9.98,107,1295262
Hispanic (All Races),Male,45-54 years,Pancreas,7.95,0.78,6.49,9.64,103,1295262
Hispanic (All Races),Male,45-54 years,Ovary,0,,0,0.28,0,1295262
Hispanic (All Races),Male,45-54 years,Thyroid,8.34,0.8,6.84,10.07,108,1295262
Hispanic (All Races),Male,55-64 years,All Sites,726.62,9.08,708.93,744.65,6398,880512
Hispanic (All Races),Male,55-64 years,Colon and Rectum,84.16,3.09,78.2,90.44,741,880512
Hispanic (All Races),Male,55-64 years,Corpus Uteri,0,,0,0.42,0,880512
Hispanic (All Races),Male,55-64 years,Gallbladder,1.48,0.41,0.79,2.52,13,880512
Hispanic (All Races),Male,55-64 years,Kidney and Renal Pelvis,55.08,2.5,50.29,60.21,485,880512
Hispanic (All Races),Male,55-64 years,oral cavity and pharynx and larynx,32.14,1.91,28.5,36.11,283,880512
Hispanic (All Races),Male,55-64 years,Liver and Intrahepatic Bile Duct,55.42,2.51,50.61,60.56,488,880512
Hispanic (All Races),Male,55-64 years,Lung and Bronchus,42.59,2.2,38.39,47.13,375,880512
Hispanic (All Races),Male,55-64 years,Pancreas,27.37,1.76,24.02,31.05,241,880512
Hispanic (All Races),Male,55-64 years,Ovary,0,,0,0.42,0,880512
Hispanic (All Races),Male,55-64 years,Thyroid,11.58,1.15,9.45,14.06,102,880512
Hispanic (All Races),Male,65-74 years,All Sites,1520.36,18.61,1484.09,1557.29,6671,438777
Hispanic (All Races),Male,65-74 years,Colon and Rectum,146.77,5.78,135.65,158.56,644,438777
Hispanic (All Races),Male,65-74 years,Corpus Uteri,0,,0,0.84,0,438777
Hispanic (All Races),Male,65-74 years,Gallbladder,5.47,1.12,3.5,8.14,24,438777
Hispanic (All Races),Male,65-74 years,Kidney and Renal Pelvis,90.48,4.54,81.8,99.83,397,438777
Hispanic (All Races),Male,65-74 years,oral cavity and pharynx and larynx,57.89,3.63,50.99,65.46,254,438777
Hispanic (All Races),Male,65-74 years,Liver and Intrahepatic Bile Duct,101.65,4.81,92.43,111.53,446,438777
Hispanic (All Races),Male,65-74 years,Lung and Bronchus,133.55,5.52,122.96,144.82,586,438777
Hispanic (All Races),Male,65-74 years,Pancreas,51.96,3.44,45.44,59.16,228,438777
Hispanic (All Races),Male,65-74 years,Ovary,0,,0,0.84,0,438777
Hispanic (All Races),Male,65-74 years,Thyroid,13.22,1.74,10.04,17.09,58,438777
Hispanic (All Races),Male,75+ years,All Sites,226.45,1.44,223.63,229.29,24675,10896533
Hispanic (All Races),Male,75+ years,Colon and Rectum,25.44,0.48,24.5,26.4,2772,10896533
Hispanic (All Races),Male,75+ years,Corpus Uteri,0,,0,0.03,0,10896533
Hispanic (All Races),Male,75+ years,Gallbladder,0.79,0.09,0.63,0.97,86,10896533
Hispanic (All Races),Male,75+ years,Kidney and Renal Pelvis,15.09,0.37,14.37,15.83,1644,10896533
Hispanic (All Races),Male,75+ years,oral cavity and pharynx and larynx,8.86,0.29,8.31,9.43,965,10896533
Hispanic (All Races),Male,75+ years,Liver and Intrahepatic Bile Duct,12.64,0.34,11.98,13.32,1377,10896533
Hispanic (All Races),Male,75+ years,Lung and Bronchus,16.33,0.39,15.58,17.1,1779,10896533
Hispanic (All Races),Male,75+ years,Pancreas,7.67,0.27,7.16,8.21,836,10896533
Hispanic (All Races),Male,75+ years,Ovary,0,,0,0.03,0,10896533
Hispanic (All Races),Male,75+ years,Thyroid,4.69,0.21,4.29,5.11,511,10896533
Hispanic (All Races),Female,25-34 years,All Sites,87.08,2.29,82.65,91.69,1444,1658186
Hispanic (All Races),Female,25-34 years,Colon and Rectum,5.49,0.58,4.42,6.74,91,1658186
Hispanic (All Races),Female,25-34 years,Corpus Uteri,5.91,0.6,4.8,7.2,98,1658186
Hispanic (All Races),Female,25-34 years,Gallbladder,0,,0,0.22,0,1658186
Hispanic (All Races),Female,25-34 years,Kidney and Renal Pelvis,1.93,0.34,1.32,2.72,32,1658186
Hispanic (All Races),Female,25-34 years,oral cavity and pharynx and larynx,0.96,0.24,0.55,1.57,16,1658186
Hispanic (All Races),Female,25-34 years,Liver and Intrahepatic Bile Duct,0.3,0.13,0.1,0.7,5,1658186
Hispanic (All Races),Female,25-34 years,Lung and Bronchus,0.78,0.22,0.42,1.34,13,1658186
Hispanic (All Races),Female,25-34 years,Pancreas,1.03,0.25,0.6,1.64,17,1658186
Hispanic (All Races),Female,25-34 years,Ovary,3.14,0.43,2.34,4.11,52,1658186
Hispanic (All Races),Female,25-34 years,Thyroid,22.37,1.16,20.15,24.77,371,1658186
Hispanic (All Races),Female,35-44 years,All Sites,216.43,3.81,209.03,224.02,3230,1492432
Hispanic (All Races),Female,35-44 years,Colon and Rectum,12.46,0.91,10.74,14.39,186,1492432
Hispanic (All Races),Female,35-44 years,Corpus Uteri,16.28,1.04,14.3,18.46,243,1492432
Hispanic (All Races),Female,35-44 years,Gallbladder,0.74,0.22,0.37,1.32,11,1492432
Hispanic (All Races),Female,35-44 years,Kidney and Renal Pelvis,8.98,0.78,7.52,10.63,134,1492432
Hispanic (All Races),Female,35-44 years,oral cavity and pharynx and larynx,1.88,0.35,1.25,2.71,28,1492432
Hispanic (All Races),Female,35-44 years,Liver and Intrahepatic Bile Duct,0.47,0.18,0.19,0.97,7,1492432
Hispanic (All Races),Female,35-44 years,Lung and Bronchus,3.22,0.46,2.37,4.26,48,1492432
Hispanic (All Races),Female,35-44 years,Pancreas,2.14,0.38,1.47,3.03,32,1492432
Hispanic (All Races),Female,35-44 years,Ovary,6.5,0.66,5.27,7.93,97,1492432
Hispanic (All Races),Female,35-44 years,Thyroid,30.62,1.43,27.88,33.56,457,1492432
Hispanic (All Races),Female,45-54 years,All Sites,430.14,5.82,418.8,441.7,5459,1269128
Hispanic (All Races),Female,45-54 years,Colon and Rectum,37.43,1.72,34.14,40.95,475,1269128
Hispanic (All Races),Female,45-54 years,Corpus Uteri,34.91,1.66,31.73,38.31,443,1269128
Hispanic (All Races),Female,45-54 years,Gallbladder,2.36,0.43,1.59,3.37,30,1269128
Hispanic (All Races),Female,45-54 years,Kidney and Renal Pelvis,16.7,1.15,14.53,19.11,212,1269128
Hispanic (All Races),Female,45-54 years,oral cavity and pharynx and larynx,6.07,0.69,4.79,7.58,77,1269128
Hispanic (All Races),Female,45-54 years,Liver and Intrahepatic Bile Duct,3.62,0.53,2.65,4.83,46,1269128
Hispanic (All Races),Female,45-54 years,Lung and Bronchus,10.16,0.89,8.49,12.08,129,1269128
Hispanic (All Races),Female,45-54 years,Pancreas,6.46,0.71,5.14,8.02,82,1269128
Hispanic (All Races),Female,45-54 years,Ovary,16,1.12,13.87,18.35,203,1269128
Hispanic (All Races),Female,45-54 years,Thyroid,36.72,1.7,33.46,40.21,466,1269128
Hispanic (All Races),Female,55-64 years,All Sites,738.83,8.94,721.41,756.57,6824,923619
Hispanic (All Races),Female,55-64 years,Colon and Rectum,60.63,2.56,55.71,65.87,560,923619
Hispanic (All Races),Female,55-64 years,Corpus Uteri,82.07,2.98,76.33,88.12,758,923619
Hispanic (All Races),Female,55-64 years,Gallbladder,4.76,0.72,3.46,6.4,44,923619
Hispanic (All Races),Female,55-64 years,Kidney and Renal Pelvis,34.65,1.94,30.95,38.66,320,923619
Hispanic (All Races),Female,55-64 years,oral cavity and pharynx and larynx,12.02,1.14,9.89,14.47,111,923619
Hispanic (All Races),Female,55-64 years,Liver and Intrahepatic Bile Duct,19.6,1.46,16.85,22.67,181,923619
Hispanic (All Races),Female,55-64 years,Lung and Bronchus,37.46,2.01,33.62,41.62,346,923619
Hispanic (All Races),Female,55-64 years,Pancreas,19.27,1.44,16.54,22.32,178,923619
Hispanic (All Races),Female,55-64 years,Ovary,23.17,1.58,20.17,26.49,214,923619
Hispanic (All Races),Female,55-64 years,Thyroid,34.21,1.92,30.54,38.2,316,923619
Hispanic (All Races),Female,65-74 years,All Sites,1178.1,15.09,1148.71,1208.05,6098,517613
Hispanic (All Races),Female,65-74 years,Colon and Rectum,92.15,4.22,84.07,100.81,477,517613
Hispanic (All Races),Female,65-74 years,Corpus Uteri,96.98,4.33,88.68,105.85,502,517613
Hispanic (All Races),Female,65-74 years,Gallbladder,10.63,1.43,8,13.83,55,517613
Hispanic (All Races),Female,65-74 years,Kidney and Renal Pelvis,44.05,2.92,38.52,50.15,228,517613
Hispanic (All Races),Female,65-74 years,oral cavity and pharynx and larynx,17.77,1.85,14.33,21.8,92,517613
Hispanic (All Races),Female,65-74 years,Liver and Intrahepatic Bile Duct,42.31,2.86,36.89,48.3,219,517613
Hispanic (All Races),Female,65-74 years,Lung and Bronchus,99.3,4.38,90.9,108.27,514,517613
Hispanic (All Races),Female,65-74 years,Pancreas,47.53,3.03,41.77,53.85,246,517613
Hispanic (All Races),Female,65-74 years,Ovary,31.88,2.48,27.2,37.13,165,517613
Hispanic (All Races),Female,65-74 years,Thyroid,36.32,2.65,31.31,41.9,188,517613
Hispanic (All Races),Female,75+ years,All Sites,272.67,1.6,269.55,275.81,29172,10698822
Hispanic (All Races),Female,75+ years,Colon and Rectum,22.18,0.46,21.3,23.09,2373,10698822
Hispanic (All Races),Female,75+ years,Corpus Uteri,20.94,0.44,20.08,21.82,2240,10698822
Hispanic (All Races),Female,75+ years,Gallbladder,1.74,0.13,1.5,2.01,186,10698822
Hispanic (All Races),Female,75+ years,Kidney and Renal Pelvis,10.65,0.32,10.04,11.28,1139,10698822
Hispanic (All Races),Female,75+ years,oral cavity and pharynx and larynx,4.12,0.2,3.75,4.53,441,10698822
Hispanic (All Races),Female,75+ years,Liver and Intrahepatic Bile Duct,6.46,0.25,5.99,6.96,691,10698822
Hispanic (All Races),Female,75+ years,Lung and Bronchus,15.31,0.38,14.58,16.07,1638,10698822
Hispanic (All Races),Female,75+ years,Pancreas,8.17,0.28,7.64,8.73,874,10698822
Hispanic (All Races),Female,75+ years,Ovary,8.23,0.28,7.7,8.8,881,10698822
Hispanic (All Races),Female,75+ years,Thyroid,19.12,0.42,18.3,19.97,2046,10698822
OTHER,Male and female,25-34 years,All Sites,69.59,2,65.72,73.63,1207,1734372
OTHER,Male and female,25-34 years,Colon and Rectum,3.75,0.46,2.89,4.78,65,1734372
OTHER,Male and female,25-34 years,Corpus Uteri,2.36,0.37,1.7,3.21,41,1734372
OTHER,Male and female,25-34 years,Gallbladder,0,,0,0.21,0,1734372
OTHER,Male and female,25-34 years,Kidney and Renal Pelvis,1.5,0.29,0.98,2.2,26,1734372
OTHER,Male and female,25-34 years,oral cavity and pharynx and larynx,3,0.42,2.24,3.93,52,1734372
OTHER,Male and female,25-34 years,Liver and Intrahepatic Bile Duct,0.63,0.19,0.32,1.13,11,1734372
OTHER,Male and female,25-34 years,Lung and Bronchus,0.81,0.22,0.44,1.35,14,1734372
OTHER,Male and female,25-34 years,Pancreas,0.29,0.13,0.09,0.67,5,1734372
OTHER,Male and female,25-34 years,Ovary,1.38,0.28,0.89,2.06,24,1734372
OTHER,Male and female,25-34 years,Thyroid,13.66,0.89,11.98,15.52,237,1734372
OTHER,Male and female,35-44 years,All Sites,189.13,3.44,182.45,195.99,3024,1598909
OTHER,Male and female,35-44 years,Colon and Rectum,13.95,0.93,12.18,15.9,223,1598909
OTHER,Male and female,35-44 years,Corpus Uteri,10.19,0.8,8.69,11.89,163,1598909
OTHER,Male and female,35-44 years,Gallbladder,0.5,0.18,0.22,0.99,8,1598909
OTHER,Male and female,35-44 years,Kidney and Renal Pelvis,6.32,0.63,5.15,7.68,101,1598909
OTHER,Male and female,35-44 years,oral cavity and pharynx and larynx,6.19,0.62,5.03,7.54,99,1598909
OTHER,Male and female,35-44 years,Liver and Intrahepatic Bile Duct,2.56,0.4,1.84,3.48,41,1598909
OTHER,Male and female,35-44 years,Lung and Bronchus,5.38,0.58,4.3,6.64,86,1598909
OTHER,Male and female,35-44 years,Pancreas,1.38,0.29,0.86,2.08,22,1598909
OTHER,Male and female,35-44 years,Ovary,3.75,0.48,2.86,4.83,60,1598909
OTHER,Male and female,35-44 years,Thyroid,27.08,1.3,24.59,29.76,433,1598909
OTHER,Male and female,45-54 years,All Sites,425.55,5.46,414.91,436.39,6074,1427341
OTHER,Male and female,45-54 years,Colon and Rectum,51.42,1.9,47.77,55.28,734,1427341
OTHER,Male and female,45-54 years,Corpus Uteri,26.69,1.37,24.08,29.51,381,1427341
OTHER,Male and female,45-54 years,Gallbladder,0.91,0.25,0.48,1.56,13,1427341
OTHER,Male and female,45-54 years,Kidney and Renal Pelvis,13.66,0.98,11.81,15.72,195,1427341
OTHER,Male and female,45-54 years,oral cavity and pharynx and larynx,15.76,1.05,13.77,17.96,225,1427341
OTHER,Male and female,45-54 years,Liver and Intrahepatic Bile Duct,8.48,0.77,7.03,10.13,121,1427341
OTHER,Male and female,45-54 years,Lung and Bronchus,20.46,1.2,18.18,22.94,292,1427341
OTHER,Male and female,45-54 years,Pancreas,8.2,0.76,6.78,9.82,117,1427341
OTHER,Male and female,45-54 years,Ovary,9.67,0.82,8.12,11.42,138,1427341
OTHER,Male and female,45-54 years,Thyroid,27.32,1.38,24.68,30.17,390,1427341
OTHER,Male and female,55-64 years,All Sites,833.45,8.23,817.41,849.73,10266,1231743
OTHER,Male and female,55-64 years,Colon and Rectum,82,2.58,77.02,87.21,1010,1231743
OTHER,Male and female,55-64 years,Corpus Uteri,43.76,1.88,40.14,47.61,539,1231743
OTHER,Male and female,55-64 years,Gallbladder,2.19,0.42,1.44,3.19,27,1231743
OTHER,Male and female,55-64 years,Kidney and Renal Pelvis,29.63,1.55,26.67,32.83,365,1231743
OTHER,Male and female,55-64 years,oral cavity and pharynx and larynx,28.58,1.52,25.67,31.72,352,1231743
OTHER,Male and female,55-64 years,Liver and Intrahepatic Bile Duct,31.74,1.61,28.67,35.05,391,1231743
OTHER,Male and female,55-64 years,Lung and Bronchus,66.65,2.33,62.17,71.37,821,1231743
OTHER,Male and female,55-64 years,Pancreas,20.46,1.29,18.01,23.15,252,1231743
OTHER,Male and female,55-64 years,Ovary,11.37,0.96,9.56,13.41,140,1231743
OTHER,Male and female,55-64 years,Thyroid,27.85,1.5,24.98,30.96,343,1231743
OTHER,Male and female,65-74 years,All Sites,1395.38,12.78,1370.43,1420.66,11915,853891
OTHER,Male and female,65-74 years,Colon and Rectum,112.19,3.62,105.2,119.53,958,853891
OTHER,Male and female,65-74 years,Corpus Uteri,42.39,2.23,38.14,46.99,362,853891
OTHER,Male and female,65-74 years,Gallbladder,6.21,0.85,4.65,8.12,53,853891
OTHER,Male and female,65-74 years,Kidney and Renal Pelvis,35.48,2.04,31.6,39.71,303,853891
OTHER,Male and female,65-74 years,oral cavity and pharynx and larynx,34.08,2,30.28,38.23,291,853891
OTHER,Male and female,65-74 years,Liver and Intrahepatic Bile Duct,51.18,2.45,46.49,56.21,437,853891
OTHER,Male and female,65-74 years,Lung and Bronchus,159.15,4.32,150.8,167.85,1359,853891
OTHER,Male and female,65-74 years,Pancreas,45.2,2.3,40.81,49.95,386,853891
OTHER,Male and female,65-74 years,Ovary,14.17,1.29,11.76,16.93,121,853891
OTHER,Male and female,65-74 years,Thyroid,27.05,1.78,23.68,30.78,231,853891
OTHER,Male and female,75+ years,All Sites,408.04,1.96,404.21,411.9,43379,10631096
OTHER,Male and female,75+ years,Colon and Rectum,37.62,0.59,36.46,38.8,3999,10631096
OTHER,Male and female,75+ years,Corpus Uteri,15.61,0.38,14.87,16.38,1660,10631096
OTHER,Male and female,75+ years,Gallbladder,1.44,0.12,1.22,1.69,153,10631096
OTHER,Male and female,75+ years,Kidney and Renal Pelvis,11.49,0.33,10.86,12.16,1222,10631096
OTHER,Male and female,75+ years,oral cavity and pharynx and larynx,12.03,0.34,11.38,12.71,1279,10631096
OTHER,Male and female,75+ years,Liver and Intrahepatic Bile Duct,13.13,0.35,12.45,13.84,1396,10631096
OTHER,Male and female,75+ years,Lung and Bronchus,38.76,0.6,37.59,39.97,4121,10631096
OTHER,Male and female,75+ years,Pancreas,11.85,0.33,11.21,12.52,1260,10631096
OTHER,Male and female,75+ years,Ovary,5.69,0.23,5.25,6.16,605,10631096
OTHER,Male and female,75+ years,Thyroid,17.12,0.4,16.34,17.92,1820,10631096
OTHER,Male,25-34 years,All Sites,49.21,2.39,44.63,54.13,423,859629
OTHER,Male,25-34 years,Colon and Rectum,3.26,0.62,2.16,4.71,28,859629
OTHER,Male,25-34 years,Corpus Uteri,0,,0,0.43,0,859629
OTHER,Male,25-34 years,Gallbladder,0,,0,0.43,0,859629
OTHER,Male,25-34 years,Kidney and Renal Pelvis,1.98,0.48,1.15,3.17,17,859629
OTHER,Male,25-34 years,oral cavity and pharynx and larynx,3.72,0.66,2.55,5.26,32,859629
OTHER,Male,25-34 years,Liver and Intrahepatic Bile Duct,0.93,0.33,0.4,1.83,8,859629
OTHER,Male,25-34 years,Lung and Bronchus,0.58,0.26,0.19,1.36,5,859629
OTHER,Male,25-34 years,Pancreas,0.12,0.12,0,0.65,1,859629
OTHER,Male,25-34 years,Ovary,0,,0,0.43,0,859629
OTHER,Male,25-34 years,Thyroid,4.42,0.72,3.13,6.07,38,859629
OTHER,Male,35-44 years,All Sites,110.3,3.82,102.93,118.05,832,754329
OTHER,Male,35-44 years,Colon and Rectum,16.17,1.46,13.43,19.31,122,754329
OTHER,Male,35-44 years,Corpus Uteri,0,,0,0.49,0,754329
OTHER,Male,35-44 years,Gallbladder,0.27,0.19,0.03,0.96,2,754329
OTHER,Male,35-44 years,Kidney and Renal Pelvis,9.41,1.12,7.35,11.87,71,754329
OTHER,Male,35-44 years,oral cavity and pharynx and larynx,8.62,1.07,6.65,10.98,65,754329
OTHER,Male,35-44 years,Liver and Intrahepatic Bile Duct,4.51,0.77,3.12,6.3,34,754329
OTHER,Male,35-44 years,Lung and Bronchus,3.45,0.68,2.25,5.05,26,754329
OTHER,Male,35-44 years,Pancreas,1.19,0.4,0.55,2.26,9,754329
OTHER,Male,35-44 years,Ovary,0,,0,0.49,0,754329
OTHER,Male,35-44 years,Thyroid,10.34,1.17,8.17,12.91,78,754329
OTHER,Male,45-54 years,All Sites,310.78,6.83,297.55,324.46,2073,667025
OTHER,Male,45-54 years,Colon and Rectum,62.52,3.06,56.66,68.81,417,667025
OTHER,Male,45-54 years,Corpus Uteri,0,,0,0.55,0,667025
OTHER,Male,45-54 years,Gallbladder,1.2,0.42,0.52,2.36,8,667025
OTHER,Male,45-54 years,Kidney and Renal Pelvis,19.49,1.71,16.28,23.14,130,667025
OTHER,Male,45-54 years,oral cavity and pharynx and larynx,23.69,1.88,20.14,27.68,158,667025
OTHER,Male,45-54 years,Liver and Intrahepatic Bile Duct,14.24,1.46,11.52,17.41,95,667025
OTHER,Male,45-54 years,Lung and Bronchus,19.34,1.7,16.15,22.98,129,667025
OTHER,Male,45-54 years,Pancreas,8.25,1.11,6.21,10.73,55,667025
OTHER,Male,45-54 years,Ovary,0,,0,0.55,0,667025
OTHER,Male,45-54 years,Thyroid,14.39,1.47,11.66,17.58,96,667025
OTHER,Male,55-64 years,All Sites,890.98,12.58,866.49,915.99,5016,562975
OTHER,Male,55-64 years,Colon and Rectum,99.47,4.2,91.4,108.06,560,562975
OTHER,Male,55-64 years,Corpus Uteri,0,,0,0.66,0,562975
OTHER,Male,55-64 years,Gallbladder,1.42,0.5,0.61,2.8,8,562975
OTHER,Male,55-64 years,Kidney and Renal Pelvis,42.81,2.76,37.57,48.57,241,562975
OTHER,Male,55-64 years,oral cavity and pharynx and larynx,45.65,2.85,40.24,51.59,257,562975
OTHER,Male,55-64 years,Liver and Intrahepatic Bile Duct,52.93,3.07,47.09,59.3,298,562975
OTHER,Male,55-64 years,Lung and Bronchus,80.11,3.77,72.89,87.86,451,562975
OTHER,Male,55-64 years,Pancreas,24.34,2.08,20.43,28.77,137,562975
OTHER,Male,55-64 years,Ovary,0,,0,0.66,0,562975
OTHER,Male,55-64 years,Thyroid,15.45,1.66,12.38,19.06,87,562975
OTHER,Male,65-74 years,All Sites,1701.58,21.19,1660.3,1743.63,6448,378941
OTHER,Male,65-74 years,Colon and Rectum,147.52,6.24,135.54,160.27,559,378941
OTHER,Male,65-74 years,Corpus Uteri,0,,0,0.97,0,378941
OTHER,Male,65-74 years,Gallbladder,5.81,1.24,3.64,8.79,22,378941
OTHER,Male,65-74 years,Kidney and Renal Pelvis,48.03,3.56,41.3,55.54,182,378941
OTHER,Male,65-74 years,oral cavity and pharynx and larynx,56.47,3.86,49.16,64.57,214,378941
OTHER,Male,65-74 years,Liver and Intrahepatic Bile Duct,77.06,4.51,68.47,86.42,292,378941
OTHER,Male,65-74 years,Lung and Bronchus,199.24,7.25,185.28,213.97,755,378941
OTHER,Male,65-74 years,Pancreas,54.36,3.79,47.19,62.31,206,378941
OTHER,Male,65-74 years,Ovary,0,,0,0.97,0,378941
OTHER,Male,65-74 years,Thyroid,13.72,1.9,10.25,18,52,378941
OTHER,Male,75+ years,All Sites,400.44,2.8,394.97,405.97,20420,5099353
OTHER,Male,75+ years,Colon and Rectum,42.2,0.91,40.44,44.02,2152,5099353
OTHER,Male,75+ years,Corpus Uteri,0,,0,0.07,0,5099353
OTHER,Male,75+ years,Gallbladder,1.04,0.14,0.78,1.36,53,5099353
OTHER,Male,75+ years,Kidney and Renal Pelvis,15.14,0.54,14.09,16.25,772,5099353
OTHER,Male,75+ years,oral cavity and pharynx and larynx,17.51,0.59,16.38,18.7,893,5099353
OTHER,Male,75+ years,Liver and Intrahepatic Bile Duct,18.71,0.61,17.54,19.93,954,5099353
OTHER,Male,75+ years,Lung and Bronchus,42.55,0.91,40.78,44.38,2170,5099353
OTHER,Male,75+ years,Pancreas,11.84,0.48,10.92,12.83,604,5099353
OTHER,Male,75+ years,Ovary,0,,0,0.07,0,5099353
OTHER,Male,75+ years,Thyroid,7.8,0.39,7.06,8.61,398,5099353
OTHER,Female,25-34 years,All Sites,89.63,3.2,83.46,96.13,784,874743
OTHER,Female,25-34 years,Colon and Rectum,4.23,0.7,2.98,5.83,37,874743
OTHER,Female,25-34 years,Corpus Uteri,4.69,0.73,3.36,6.36,41,874743
OTHER,Female,25-34 years,Gallbladder,0,,0,0.42,0,874743
OTHER,Female,25-34 years,Kidney and Renal Pelvis,1.03,0.34,0.47,1.95,9,874743
OTHER,Female,25-34 years,oral cavity and pharynx and larynx,2.29,0.51,1.4,3.53,20,874743
OTHER,Female,25-34 years,Liver and Intrahepatic Bile Duct,0.34,0.2,0.07,1,3,874743
OTHER,Female,25-34 years,Lung and Bronchus,1.03,0.34,0.47,1.95,9,874743
OTHER,Female,25-34 years,Pancreas,0.46,0.23,0.12,1.17,4,874743
OTHER,Female,25-34 years,Ovary,2.74,0.56,1.76,4.08,24,874743
OTHER,Female,25-34 years,Thyroid,22.75,1.61,19.7,26.14,199,874743
OTHER,Female,35-44 years,All Sites,259.54,5.54,248.78,270.63,2192,844580
OTHER,Female,35-44 years,Colon and Rectum,11.96,1.19,9.74,14.53,101,844580
OTHER,Female,35-44 years,Corpus Uteri,19.3,1.51,16.45,22.5,163,844580
OTHER,Female,35-44 years,Gallbladder,0.71,0.29,0.26,1.55,6,844580
OTHER,Female,35-44 years,Kidney and Renal Pelvis,3.55,0.65,2.4,5.07,30,844580
OTHER,Female,35-44 years,oral cavity and pharynx and larynx,4.03,0.69,2.79,5.63,34,844580
OTHER,Female,35-44 years,Liver and Intrahepatic Bile Duct,0.83,0.31,0.33,1.71,7,844580
OTHER,Female,35-44 years,Lung and Bronchus,7.1,0.92,5.42,9.14,60,844580
OTHER,Female,35-44 years,Pancreas,1.54,0.43,0.82,2.63,13,844580
OTHER,Female,35-44 years,Ovary,7.1,0.92,5.42,9.14,60,844580
OTHER,Female,35-44 years,Thyroid,42.03,2.23,37.77,46.64,355,844580
OTHER,Female,45-54 years,All Sites,526.23,8.32,510.05,542.79,4001,760316
OTHER,Female,45-54 years,Colon and Rectum,41.69,2.34,37.23,46.54,317,760316
OTHER,Female,45-54 years,Corpus Uteri,50.11,2.57,45.2,55.4,381,760316
OTHER,Female,45-54 years,Gallbladder,0.66,0.29,0.21,1.53,5,760316
OTHER,Female,45-54 years,Kidney and Renal Pelvis,8.55,1.06,6.6,10.9,65,760316
OTHER,Female,45-54 years,oral cavity and pharynx and larynx,8.81,1.08,6.83,11.19,67,760316
OTHER,Female,45-54 years,Liver and Intrahepatic Bile Duct,3.42,0.67,2.23,5.01,26,760316
OTHER,Female,45-54 years,Lung and Bronchus,21.44,1.68,18.27,24.99,163,760316
OTHER,Female,45-54 years,Pancreas,8.15,1.04,6.25,10.45,62,760316
OTHER,Female,45-54 years,Ovary,18.15,1.55,15.25,21.44,138,760316
OTHER,Female,45-54 years,Thyroid,38.67,2.26,34.37,43.35,294,760316
OTHER,Female,55-64 years,All Sites,785.03,10.83,763.93,806.55,5250,668768
OTHER,Female,55-64 years,Colon and Rectum,67.29,3.17,61.21,73.8,450,668768
OTHER,Female,55-64 years,Corpus Uteri,80.6,3.47,73.93,87.7,539,668768
OTHER,Female,55-64 years,Gallbladder,2.84,0.65,1.71,4.44,19,668768
OTHER,Female,55-64 years,Kidney and Renal Pelvis,18.54,1.67,15.42,22.11,124,668768
OTHER,Female,55-64 years,oral cavity and pharynx and larynx,14.21,1.46,11.49,17.37,95,668768
OTHER,Female,55-64 years,Liver and Intrahepatic Bile Duct,13.91,1.44,11.22,17.04,93,668768
OTHER,Female,55-64 years,Lung and Bronchus,55.33,2.88,49.83,61.26,370,668768
OTHER,Female,55-64 years,Pancreas,17.2,1.6,14.2,20.64,115,668768
OTHER,Female,55-64 years,Ovary,20.93,1.77,17.61,24.7,140,668768
OTHER,Female,55-64 years,Thyroid,38.28,2.39,33.73,43.27,256,668768
OTHER,Female,65-74 years,All Sites,1151.07,15.57,1120.76,1181.99,5467,474950
OTHER,Female,65-74 years,Colon and Rectum,84.01,4.21,75.97,92.67,399,474950
OTHER,Female,65-74 years,Corpus Uteri,76.22,4.01,68.57,84.49,362,474950
OTHER,Female,65-74 years,Gallbladder,6.53,1.17,4.43,9.26,31,474950
OTHER,Female,65-74 years,Kidney and Renal Pelvis,25.48,2.32,21.14,30.44,121,474950
OTHER,Female,65-74 years,oral cavity and pharynx and larynx,16.21,1.85,12.79,20.26,77,474950
OTHER,Female,65-74 years,Liver and Intrahepatic Bile Duct,30.53,2.54,25.76,35.92,145,474950
OTHER,Female,65-74 years,Lung and Bronchus,127.17,5.17,117.23,137.73,604,474950
OTHER,Female,65-74 years,Pancreas,37.9,2.82,32.56,43.86,180,474950
OTHER,Female,65-74 years,Ovary,25.48,2.32,21.14,30.44,121,474950
OTHER,Female,65-74 years,Thyroid,37.69,2.82,32.37,43.63,179,474950
OTHER,Female,75+ years,All Sites,415.04,2.74,409.69,420.44,22959,5531743
OTHER,Female,75+ years,Colon and Rectum,33.39,0.78,31.88,34.95,1847,5531743
OTHER,Female,75+ years,Corpus Uteri,30.01,0.74,28.58,31.49,1660,5531743
OTHER,Female,75+ years,Gallbladder,1.81,0.18,1.47,2.2,100,5531743
OTHER,Female,75+ years,Kidney and Renal Pelvis,8.13,0.38,7.4,8.92,450,5531743
OTHER,Female,75+ years,oral cavity and pharynx and larynx,6.98,0.36,6.3,7.71,386,5531743
OTHER,Female,75+ years,Liver and Intrahepatic Bile Duct,7.99,0.38,7.26,8.77,442,5531743
OTHER,Female,75+ years,Lung and Bronchus,35.27,0.8,33.72,36.87,1951,5531743
OTHER,Female,75+ years,Pancreas,11.86,0.46,10.97,12.8,656,5531743
OTHER,Female,75+ years,Ovary,10.94,0.44,10.08,11.84,605,5531743
OTHER,Female,75+ years,Thyroid,25.71,0.68,24.39,27.08,1422,5531743
