subgroup_id,type,CancerSites,year,Sex,age_gp,race_gp,count,population,crude_rate,crude_SE,crude_rate_2018,%change,
1,Incidence,Esophagus,2013,Female,Age_2044,Non-hispanic White,31,12700000,0.245,0.062,,-100,
2,Incidence,Esophagus,2013,Male,Age_2044,Non-hispanic White,179,12100000,1.481,0.155,,-100,
3,Incidence,Esophagus,2013,Female,Age_2044,Non-hispanic Black,0,3270273,0,0,,#DIV/0!,
4,Incidence,Esophagus,2013,Male,Age_2044,Non-hispanic Black,0,3226343,0,0,,#DIV/0!,
5,Incidence,Esophagus,2013,Female,Age_2044,Hispanic,0,4838552,0,0,,#DIV/0!,
6,Incidence,Esophagus,2013,Male,Age_2044,Hispanic,0,5113576,0,0,,#DIV/0!,
7,Incidence,Esophagus,2013,Female,Age_2044,Other,0,2560333,0,0,,#DIV/0!,
8,Incidence,Esophagus,2013,Male,Age_2044,Other,0,2480441,0,0,,#DIV/0!,
9,Incidence,Esophagus,2013,Female,Age_4554,Non-hispanic White,217,14700000,1.473,0.14,0.86,-41.61575017,
10,Incidence,Esophagus,2013,Male,Age_4554,Non-hispanic White,1103,14500000,7.587,0.32,5.82,-23.28983788,
11,Incidence,Esophagus,2013,Female,Age_4554,Non-hispanic Black,88,2885488,3.05,0.458,0.15,-95.08196721,
12,Incidence,Esophagus,2013,Male,Age_4554,Non-hispanic Black,155,2549908,6.079,0.689,0.68,-88.81394966,
13,Incidence,Esophagus,2013,Female,Age_4554,Hispanic,0,216594,0,0,0.39,#DIV/0!,
14,Incidence,Esophagus,2013,Male,Age_4554,Hispanic,75,2889681,2.595,0.44,2.01,-22.5433526,
15,Incidence,Esophagus,2013,Female,Age_4554,Other,0,87248,0,0,0.26,#DIV/0!,
16,Incidence,Esophagus,2013,Male,Age_4554,Other,34,1109784,3.064,0.745,0.45,-85.31331593,
17,Incidence,Esophagus,2013,Female,Age_5564,Non-hispanic White,602,14700000,4.106,0.238,1.75,-57.37944472,
18,Incidence,Esophagus,2013,Male,Age_5564,Non-hispanic White,2952,14000000,21.11,0.554,14.9,-29.41733775,
19,Incidence,Esophagus,2013,Female,Age_5564,Non-hispanic Black,143,2394848,5.971,0.713,0.8,-86.60190923,
20,Incidence,Esophagus,2013,Male,Age_5564,Non-hispanic Black,394,2000803,19.692,1.423,3.73,-81.05829779,
21,Incidence,Esophagus,2013,Female,Age_5564,Hispanic,19,901355,2.108,0.521,0.54,-74.38330171,
22,Incidence,Esophagus,2013,Male,Age_5564,Hispanic,176,1713053,10.274,1.13,5.56,-45.88281098,
23,Incidence,Esophagus,2013,Female,Age_5564,Other,0,0,0,0,0.3,#DIV/0!,
24,Incidence,Esophagus,2013,Male,Age_5564,Other,61,852728,7.154,1.311,3.02,-57.78585407,
25,Incidence,Esophagus,2013,Female,Age_over65,Non-hispanic White,1814,19500000,9.283,0.502,,-100,
26,Incidence,Esophagus,2013,Male,Age_over65,Non-hispanic White,6312,15600000,40.55,1.166,,-100,
27,Incidence,Esophagus,2013,Female,Age_over65,Non-hispanic Black,221,2329909,9.485,1.476,,-100,
28,Incidence,Esophagus,2013,Male,Age_over65,Non-hispanic Black,501,1542829,32.473,3.231,,-100,
29,Incidence,Esophagus,2013,Female,Age_over65,Hispanic,80,1603518,4.989,1.238,,-100,
30,Incidence,Esophagus,2013,Male,Age_over65,Hispanic,319,1354832,23.545,3.091,,-100,
31,Incidence,Esophagus,2013,Female,Age_over65,Other,0,22029,0,0,,#DIV/0!,
32,Incidence,Esophagus,2013,Male,Age_over65,Other,130,785711,16.546,3.475,,-100,
1,Incidence,Lung and Bronchus,2013,Female,Age_2044,Non-hispanic White,975,30600000,3.191,0.227,1.752057443,-45.09378118,
2,Incidence,Lung and Bronchus,2013,Male,Age_2044,Non-hispanic White,839,24600000,3.412,0.234,2.126616477,-37.67243621,
3,Incidence,Lung and Bronchus,2013,Female,Age_2044,Non-hispanic Black,175,4213789,4.153,0.546,2.742992067,-33.95155149,
4,Incidence,Lung and Bronchus,2013,Male,Age_2044,Non-hispanic Black,162,3782094,4.283,0.586,2.519962301,-41.16361659,
5,Incidence,Lung and Bronchus,2013,Female,Age_2044,Hispanic,102,5938136,1.718,0.317,1.590190907,-7.439411677,
6,Incidence,Lung and Bronchus,2013,Male,Age_2044,Hispanic,95,4307444,2.205,0.352,1.254971372,-43.08519857,
7,Incidence,Lung and Bronchus,2013,Female,Age_2044,Other,78,1626777,4.795,0.796,3.42695111,-28.53073806,
8,Incidence,Lung and Bronchus,2013,Male,Age_2044,Other,44,879151,5.005,0.866,1.687545353,-66.28281013,
9,Incidence,Lung and Bronchus,2013,Female,Age_4554,Non-hispanic White,6366,14700000,43.217,0.757,31.41,-27.32026749,
10,Incidence,Lung and Bronchus,2013,Male,Age_4554,Non-hispanic White,6037,14500000,41.526,0.746,25.91,-37.60535568,
11,Incidence,Lung and Bronchus,2013,Female,Age_4554,Non-hispanic Black,1186,2885488,41.102,1.682,20.59,-49.90511411,
12,Incidence,Lung and Bronchus,2013,Male,Age_4554,Non-hispanic Black,1268,2549908,49.727,1.971,28.38,-42.928389,
13,Incidence,Lung and Bronchus,2013,Female,Age_4554,Hispanic,375,2783977,13.47,1.372,10.16,-24.57312546,
14,Incidence,Lung and Bronchus,2013,Male,Age_4554,Hispanic,341,2769496,12.313,0.962,8.26,-32.91642979,
15,Incidence,Lung and Bronchus,2013,Female,Age_4554,Other,302,1439250,20.983,2.738,21.44,2.177953581,
16,Incidence,Lung and Bronchus,2013,Male,Age_4554,Other,281,1195835,23.498,2.737,19.34,-17.69512299,
17,Incidence,Lung and Bronchus,2013,Female,Age_5564,Non-hispanic White,16465,14700000,112.301,1.244,109.51,-2.485285082,
18,Incidence,Lung and Bronchus,2013,Male,Age_5564,Non-hispanic White,19489,14000000,139.365,1.422,121.35,-12.926488,
19,Incidence,Lung and Bronchus,2013,Female,Age_5564,Non-hispanic Black,2649,2394848,110.612,3.068,111.56,0.857049868,
20,Incidence,Lung and Bronchus,2013,Male,Age_5564,Non-hispanic Black,3704,2000803,185.126,4.359,153.42,-17.1267137,
21,Incidence,Lung and Bronchus,2013,Female,Age_5564,Hispanic,849,1889308,44.937,3.22,37.46,-16.63884995,
22,Incidence,Lung and Bronchus,2013,Male,Age_5564,Hispanic,1056,1746075,60.479,3.932,42.59,-29.57886208,
23,Incidence,Lung and Bronchus,2013,Female,Age_5564,Other,641,1178370,54.397,4.957,55.33,1.715168116,
24,Incidence,Lung and Bronchus,2013,Male,Age_5564,Other,782,987955,79.153,6.223,80.11,1.209050826,
25,Incidence,Lung and Bronchus,2013,Female,Age_over65,Non-hispanic White,57763,19500000,295.612,2.798,277.8428605,-6.010966905,
26,Incidence,Lung and Bronchus,2013,Male,Age_over65,Non-hispanic White,62487,15600000,401.433,3.734,333.2373608,-16.9880501,
27,Incidence,Lung and Bronchus,2013,Female,Age_over65,Non-hispanic Black,5633,2329909,241.769,7.297,233.3052032,-3.500778328,
28,Incidence,Lung and Bronchus,2013,Male,Age_over65,Non-hispanic Black,6554,1542829,424.804,12.095,384.9702594,-9.376969279,
29,Incidence,Lung and Bronchus,2013,Female,Age_over65,Hispanic,2567,1814268,141.49,7.982,124.1563986,-12.25076077,
30,Incidence,Lung and Bronchus,2013,Male,Age_over65,Hispanic,3241,1372344,236.165,13.406,181.4174222,-23.18191849,
31,Incidence,Lung and Bronchus,2013,Female,Age_over65,Other,1862,1154945,161.22,13.424,161.4714884,0.155990792,
32,Incidence,Lung and Bronchus,2013,Male,Age_over65,Other,2302,891473,258.224,19.915,247.3595913,-4.207358239,
1,Incidence,Colon and Rectum,2013,Female,Age_2044,Non-hispanic White,2234,30600000,7.313,0.346,8.997854324,23.03916756,
2,Incidence,Colon and Rectum,2013,Male,Age_2044,Non-hispanic White,2421,31200000,7.764,0.355,10.06598466,29.64946749,
3,Incidence,Colon and Rectum,2013,Female,Age_2044,Non-hispanic Black,524,7484062,7.002,0.704,9.765051758,39.46089342,
4,Incidence,Colon and Rectum,2013,Male,Age_2044,Non-hispanic Black,504,5220310,9.655,0.876,8.119878527,-15.89975633,
5,Incidence,Colon and Rectum,2013,Female,Age_2044,Hispanic,434,7460428,5.817,0.581,7.404326413,27.28771553,
6,Incidence,Colon and Rectum,2013,Male,Age_2044,Hispanic,508,10300000,4.919,0.518,7.088264228,44.0996997,
7,Incidence,Colon and Rectum,2013,Female,Age_2044,Other,170,2313673,7.348,0.981,6.902858665,-6.057993131,
8,Incidence,Colon and Rectum,2013,Male,Age_2044,Other,190,2771290,6.856,1.003,7.875211646,14.86598084,
9,Incidence,Colon and Rectum,2013,Female,Age_4554,Non-hispanic White,5547,14700000,37.657,0.709,41.78,10.94882758,
10,Incidence,Colon and Rectum,2013,Male,Age_4554,Non-hispanic White,7162,14500000,49.265,0.816,57.24,16.18796306,
11,Incidence,Colon and Rectum,2013,Female,Age_4554,Non-hispanic Black,1446,2885488,50.113,1.86,50.71,1.191307645,
12,Incidence,Colon and Rectum,2013,Male,Age_4554,Non-hispanic Black,1511,2549908,59.257,2.153,63.51,7.177211131,
13,Incidence,Colon and Rectum,2013,Female,Age_4554,Hispanic,895,2783977,32.148,1.862,37.43,16.43026005,
14,Incidence,Colon and Rectum,2013,Male,Age_4554,Hispanic,967,2829508,34.176,1.901,43.08,26.05337079,
15,Incidence,Colon and Rectum,2013,Female,Age_4554,Other,439,1439250,30.502,3.138,41.69,36.679562,
16,Incidence,Colon and Rectum,2013,Male,Age_4554,Other,563,1277639,44.066,3.777,62.52,41.87809195,
17,Incidence,Colon and Rectum,2013,Female,Age_5564,Non-hispanic White,8473,14700000,57.791,0.891,59.83,3.528231039,
18,Incidence,Colon and Rectum,2013,Male,Age_5564,Non-hispanic White,11785,14000000,84.274,1.103,89.75,6.497852244,
19,Incidence,Colon and Rectum,2013,Female,Age_5564,Non-hispanic Black,2029,2394848,84.724,2.675,82.79,-2.282706199,
20,Incidence,Colon and Rectum,2013,Male,Age_5564,Non-hispanic Black,2439,2000803,121.901,3.524,112.6,-7.629962018,
21,Incidence,Colon and Rectum,2013,Female,Age_5564,Hispanic,1020,1850134,55.131,2.847,60.63,9.974424552,
22,Incidence,Colon and Rectum,2013,Male,Age_5564,Hispanic,1468,1698932,86.407,3.826,84.16,-2.600483757,
23,Incidence,Colon and Rectum,2013,Female,Age_5564,Other,606,1178370,51.427,4.453,67.29,30.84566473,
24,Incidence,Colon and Rectum,2013,Male,Age_5564,Other,800,987955,80.975,5.906,99.47,22.84038283,
25,Incidence,Colon and Rectum,2013,Female,Age_over65,Non-hispanic White,31237,19500000,159.861,2.112,145.4676832,-9.003644942,
26,Incidence,Colon and Rectum,2013,Male,Age_over65,Non-hispanic White,30471,15600000,195.754,2.663,173.6841401,-11.27428296,
27,Incidence,Colon and Rectum,2013,Female,Age_over65,Non-hispanic Black,3921,2329909,168.29,6.237,152.6108623,-9.316737584,
28,Incidence,Colon and Rectum,2013,Male,Age_over65,Non-hispanic Black,3568,1542829,231.264,9.124,212.9765659,-7.907600898,
29,Incidence,Colon and Rectum,2013,Female,Age_over65,Hispanic,2305,1776878,129.722,7.021,115.3285052,-11.09564673,
30,Incidence,Colon and Rectum,2013,Male,Age_over65,Hispanic,2606,1320113,197.407,9.069,168.2712322,-14.75923742,
31,Incidence,Colon and Rectum,2013,Female,Age_over65,Other,1326,1154945,114.811,11.406,112.0830301,-2.376052687,
32,Incidence,Colon and Rectum,2013,Male,Age_over65,Other,1405,881859,159.323,14.279,161.4112683,1.310713636,
1,Incidence,Female Breast,2013,Female,Age_2044,Non-hispanic White,13757,30600000,45.031,0.858,,-100,
2,Incidence,Female Breast,2013,Male,Age_2044,Non-hispanic White,0,0,0,0,,#DIV/0!,
3,Incidence,Female Breast,2013,Female,Age_2044,Non-hispanic Black,3297,7484062,44.054,1.772,,-100,
4,Incidence,Female Breast,2013,Male,Age_2044,Non-hispanic Black,0,0,0,0,,#DIV/0!,
5,Incidence,Female Breast,2013,Female,Age_2044,Hispanic,3068,9562112,32.085,1.697,,-100,
6,Incidence,Female Breast,2013,Male,Age_2044,Hispanic,0,0,0,0,,#DIV/0!,
7,Incidence,Female Breast,2013,Female,Age_2044,Other,1630,3323973,49.038,3.361,,-100,
8,Incidence,Female Breast,2013,Male,Age_2044,Other,0,0,0,0,,#DIV/0!,
9,Incidence,Female Breast,2013,Female,Age_4554,Non-hispanic White,30658,14700000,208.129,1.677,246.42,18.39772449,
10,Incidence,Female Breast,2013,Male,Age_4554,Non-hispanic White,0,0,0,0,,#DIV/0!,
11,Incidence,Female Breast,2013,Female,Age_4554,Non-hispanic Black,5856,2885488,202.947,3.747,217.22,7.032870651,
12,Incidence,Female Breast,2013,Male,Age_4554,Non-hispanic Black,0,0,0,0,,#DIV/0!,
13,Incidence,Female Breast,2013,Female,Age_4554,Hispanic,4405,2908240,151.466,4.945,178.72,17.99347708,
14,Incidence,Female Breast,2013,Male,Age_4554,Hispanic,0,0,0,0,,#DIV/0!,
15,Incidence,Female Breast,2013,Female,Age_4554,Other,2527,1439250,175.578,6.795,245.28,39.6985955,
16,Incidence,Female Breast,2013,Male,Age_4554,Other,0,0,0,0,,#DIV/0!,
17,Incidence,Female Breast,2013,Female,Age_5564,Non-hispanic White,43320,14700000,295.467,2.015,318.64,7.842838625,
18,Incidence,Female Breast,2013,Male,Age_5564,Non-hispanic White,0,0,0,0,,#DIV/0!,
19,Incidence,Female Breast,2013,Female,Age_5564,Non-hispanic Black,6939,2394848,289.747,4.945,307.04,5.968310284,
20,Incidence,Female Breast,2013,Male,Age_5564,Non-hispanic Black,0,0,0,0,,#DIV/0!,
21,Incidence,Female Breast,2013,Female,Age_5564,Hispanic,4178,1905282,219.285,6.906,242.85,10.74628908,
22,Incidence,Female Breast,2013,Male,Age_5564,Hispanic,0,0,0,0,,#DIV/0!,
23,Incidence,Female Breast,2013,Female,Age_5564,Other,2523,1178370,214.109,8.593,295.02,37.78963052,
24,Incidence,Female Breast,2013,Male,Age_5564,Other,0,0,0,0,,#DIV/0!,
25,Incidence,Female Breast,2013,Female,Age_over65,Non-hispanic White,82675,19500000,423.103,3.276,464.2660563,9.728850018,
26,Incidence,Female Breast,2013,Male,Age_over65,Non-hispanic White,0,0,0,0,,#DIV/0!,
27,Incidence,Female Breast,2013,Female,Age_over65,Non-hispanic Black,9118,2329909,391.346,9.104,428.7271854,9.551952842,
28,Incidence,Female Breast,2013,Male,Age_over65,Non-hispanic Black,0,0,0,0,,#DIV/0!,
29,Incidence,Female Breast,2013,Female,Age_over65,Hispanic,5559,1831297,303.555,11.967,322.104932,6.11089653,
30,Incidence,Female Breast,2013,Male,Age_over65,Hispanic,0,0,0,0,,#DIV/0!,
31,Incidence,Female Breast,2013,Female,Age_over65,Other,3058,1154945,264.775,15.671,357.2271977,34.91726851,
32,Incidence,Female Breast,2013,Male,Age_over65,Other,0,0,0,0,,#DIV/0!,
1,Incidence,Gallbladder,2013,Female,Age_2044,Non-hispanic White,0,12500000,0,0,0.074239722,#DIV/0!,
2,Incidence,Gallbladder,2013,Male,Age_2044,Non-hispanic White,0,6593248,0,0,0.085064659,#DIV/0!,
3,Incidence,Gallbladder,2013,Female,Age_2044,Non-hispanic Black,0,1763629,0,0,0.219439365,#DIV/0!,
4,Incidence,Gallbladder,2013,Male,Age_2044,Non-hispanic Black,0,3226343,0,0,0,#DIV/0!,
5,Incidence,Gallbladder,2013,Female,Age_2044,Hispanic,0,2786739,0,0,0.298160795,#DIV/0!,
6,Incidence,Gallbladder,2013,Male,Age_2044,Hispanic,0,3270031,0,0,0.046480421,#DIV/0!,
7,Incidence,Gallbladder,2013,Female,Age_2044,Other,0,1043574,0,0,0.342695111,#DIV/0!,
8,Incidence,Gallbladder,2013,Male,Age_2044,Other,0,1775294,0,0,0.102275476,#DIV/0!,
9,Incidence,Gallbladder,2013,Female,Age_4554,Non-hispanic White,74,14700000,0.502,0.081,0.82,63.34661355,
10,Incidence,Gallbladder,2013,Male,Age_4554,Non-hispanic White,53,14500000,0.365,0.07,0.31,-15.06849315,
11,Incidence,Gallbladder,2013,Female,Age_4554,Non-hispanic Black,55,2885488,1.906,0.363,1.82,-4.512067156,
12,Incidence,Gallbladder,2013,Male,Age_4554,Non-hispanic Black,0,0,0,0,0.68,#DIV/0!,
13,Incidence,Gallbladder,2013,Female,Age_4554,Hispanic,31,1478597,2.097,0.408,2.36,12.54172628,
14,Incidence,Gallbladder,2013,Male,Age_4554,Hispanic,20,1513427,1.322,0.324,1.47,11.19515885,
15,Incidence,Gallbladder,2013,Female,Age_4554,Other,0,87248,0,0,0.66,#DIV/0!,
16,Incidence,Gallbladder,2013,Male,Age_4554,Other,0,81804,0,0,1.2,#DIV/0!,
17,Incidence,Gallbladder,2013,Female,Age_5564,Non-hispanic White,276,14700000,1.882,0.161,1.72,-8.607863974,
18,Incidence,Gallbladder,2013,Male,Age_5564,Non-hispanic White,148,14000000,1.058,0.124,0.74,-30.05671078,
19,Incidence,Gallbladder,2013,Female,Age_5564,Non-hispanic Black,117,2394848,4.885,0.638,4.34,-11.15660184,
20,Incidence,Gallbladder,2013,Male,Age_5564,Non-hispanic Black,20,867525,2.305,0.516,2.24,-2.819956616,
21,Incidence,Gallbladder,2013,Female,Age_5564,Hispanic,98,1879153,5.215,0.768,4.76,-8.724832215,
22,Incidence,Gallbladder,2013,Male,Age_5564,Hispanic,20,826633,2.419,0.588,1.48,-38.81769326,
23,Incidence,Gallbladder,2013,Female,Age_5564,Other,18,471508,3.818,0.9,2.84,-25.6155055,
24,Incidence,Gallbladder,2013,Male,Age_5564,Other,0,0,0,0,1.42,#DIV/0!,
25,Incidence,Gallbladder,2013,Female,Age_over65,Non-hispanic White,1207,19500000,6.177,0.414,6.111217108,-1.064965065,
26,Incidence,Gallbladder,2013,Male,Age_over65,Non-hispanic White,607,15600000,3.9,0.378,3.557963644,-8.770162983,
27,Incidence,Gallbladder,2013,Female,Age_over65,Non-hispanic Black,229,2329909,9.829,1.516,7.699841691,-21.66200334,
28,Incidence,Gallbladder,2013,Male,Age_over65,Non-hispanic Black,102,1417145,7.198,1.554,6.046653289,-15.99536969,
29,Incidence,Gallbladder,2013,Female,Age_over65,Hispanic,231,1809776,12.764,1.968,11.31781209,-11.33020929,
30,Incidence,Gallbladder,2013,Male,Age_over65,Hispanic,65,1135714,5.723,1.32,7.595576453,32.72018964,
31,Incidence,Gallbladder,2013,Female,Age_over65,Other,55,772945,7.116,1.696,8.271368,16.23620012,
32,Incidence,Gallbladder,2013,Male,Age_over65,Other,0,0,0,0,5.560427549,#DIV/0!,
1,Incidence,Stomach,2013,Female,Age_2044,Non-hispanic White,205,24200000,0.846,0.118,,-100,
2,Incidence,Stomach,2013,Male,Age_2044,Non-hispanic White,267,24600000,1.086,0.133,,-100,
3,Incidence,Stomach,2013,Female,Age_2044,Non-hispanic Black,89,4213789,2.112,0.388,,-100,
4,Incidence,Stomach,2013,Male,Age_2044,Non-hispanic Black,90,3782094,2.38,0.437,,-100,
5,Incidence,Stomach,2013,Female,Age_2044,Hispanic,154,5955693,2.586,0.388,,-100,
6,Incidence,Stomach,2013,Male,Age_2044,Hispanic,181,6227792,2.906,0.402,,-100,
7,Incidence,Stomach,2013,Female,Age_2044,Other,53,2388813,2.219,0.541,,-100,
8,Incidence,Stomach,2013,Male,Age_2044,Other,34,1558271,2.182,0.572,,-100,
9,Incidence,Stomach,2013,Female,Age_4554,Non-hispanic White,459,14700000,3.116,0.204,1.78,-42.87548139,
10,Incidence,Stomach,2013,Male,Age_4554,Non-hispanic White,932,14500000,6.411,0.295,2.11,-67.08781781,
11,Incidence,Stomach,2013,Female,Age_4554,Non-hispanic Black,166,2885488,5.753,0.631,3.18,-44.72449157,
12,Incidence,Stomach,2013,Male,Age_4554,Non-hispanic Black,300,2549908,11.765,0.959,3.89,-66.9358266,
13,Incidence,Stomach,2013,Female,Age_4554,Hispanic,202,2853959,7.078,0.727,5.36,-24.27239333,
14,Incidence,Stomach,2013,Male,Age_4554,Hispanic,258,2814960,9.165,0.821,4.25,-53.62793235,
15,Incidence,Stomach,2013,Female,Age_4554,Other,89,1258082,7.074,1.064,3.16,-55.32937518,
16,Incidence,Stomach,2013,Male,Age_4554,Other,100,1109784,9.011,1.282,4.35,-51.72566863,
17,Incidence,Stomach,2013,Female,Age_5564,Non-hispanic White,894,14700000,6.098,0.29,,-100,
18,Incidence,Stomach,2013,Male,Age_5564,Non-hispanic White,2058,14000000,14.717,0.462,,-100,
19,Incidence,Stomach,2013,Female,Age_5564,Non-hispanic Black,319,2394848,13.32,1.066,,-100,
20,Incidence,Stomach,2013,Male,Age_5564,Non-hispanic Black,542,2000803,27.089,1.661,,-100,
21,Incidence,Stomach,2013,Female,Age_5564,Hispanic,221,1819255,12.148,1.18,,-100,
22,Incidence,Stomach,2013,Male,Age_5564,Hispanic,383,1687920,22.691,1.673,,-100,
23,Incidence,Stomach,2013,Female,Age_5564,Other,132,1026844,12.855,1.584,,-100,
24,Incidence,Stomach,2013,Male,Age_5564,Other,207,852728,24.275,2.409,,-100,
25,Incidence,Stomach,2013,Female,Age_over65,Non-hispanic White,3324,19500000,17.011,0.686,,-100,
26,Incidence,Stomach,2013,Male,Age_over65,Non-hispanic White,5979,15600000,38.411,1.175,,-100,
27,Incidence,Stomach,2013,Female,Age_over65,Non-hispanic Black,817,2329909,35.066,2.905,,-100,
28,Incidence,Stomach,2013,Male,Age_over65,Non-hispanic Black,1021,1542829,66.177,4.979,,-100,
29,Incidence,Stomach,2013,Female,Age_over65,Hispanic,675,1797266,37.557,3.46,,-100,
30,Incidence,Stomach,2013,Male,Age_over65,Hispanic,757,1351039,56.031,4.934,,-100,
31,Incidence,Stomach,2013,Female,Age_over65,Other,405,1023756,39.56,4.773,,-100,
32,Incidence,Stomach,2013,Male,Age_over65,Other,570,785711,72.546,7.426,,-100,
1,Incidence,Pancreas,2013,Female,Age_2044,Non-hispanic White,328,30600000,1.074,0.132,1.17298761,9.216723448,
2,Incidence,Pancreas,2013,Male,Age_2044,Non-hispanic White,293,18300000,1.603,0.161,1.219260113,-23.93885756,
3,Incidence,Pancreas,2013,Female,Age_2044,Non-hispanic Black,53,2747328,1.929,0.375,1.700655081,-11.83747634,
4,Incidence,Pancreas,2013,Male,Age_2044,Non-hispanic Black,70,2444886,2.863,0.483,0.783988272,-72.61654658,
5,Incidence,Pancreas,2013,Female,Age_2044,Hispanic,57,4366824,1.305,0.278,1.366570311,4.718031497,
6,Incidence,Pancreas,2013,Male,Age_2044,Hispanic,48,4493404,1.068,0.246,0.859887792,-19.48616183,
7,Incidence,Pancreas,2013,Female,Age_2044,Other,0,207056,0,0,0.979128889,#DIV/0!,
8,Incidence,Pancreas,2013,Male,Age_2044,Other,19,957117,1.985,0.545,0.51137738,-74.23791538,
9,Incidence,Pancreas,2013,Female,Age_4554,Non-hispanic White,1105,14700000,7.502,0.316,6.84,-8.824313516,
10,Incidence,Pancreas,2013,Male,Age_4554,Non-hispanic White,1543,14500000,10.614,0.379,11.1,4.578858112,
11,Incidence,Pancreas,2013,Female,Age_4554,Non-hispanic Black,305,2885488,10.57,0.854,9.38,-11.25827815,
12,Incidence,Pancreas,2013,Male,Age_4554,Non-hispanic Black,358,2549908,14.04,1.048,11.15,-20.58404558,
13,Incidence,Pancreas,2013,Female,Age_4554,Hispanic,144,2819825,5.107,0.623,6.46,26.49304876,
14,Incidence,Pancreas,2013,Male,Age_4554,Hispanic,240,2838689,8.455,0.793,7.95,-5.972797161,
15,Incidence,Pancreas,2013,Female,Age_4554,Other,33,606670,5.44,0.947,8.15,49.81617647,
16,Incidence,Pancreas,2013,Male,Age_4554,Other,72,1109784,6.488,1.086,8.25,27.15782984,
17,Incidence,Pancreas,2013,Female,Age_5564,Non-hispanic White,2960,14700000,20.189,0.528,21.15,4.760017831,
18,Incidence,Pancreas,2013,Male,Age_5564,Non-hispanic White,4098,14000000,29.305,0.652,33.59,14.62207814,
19,Incidence,Pancreas,2013,Female,Age_5564,Non-hispanic Black,686,2394848,28.645,1.562,34.08,18.97364287,
20,Incidence,Pancreas,2013,Male,Age_5564,Non-hispanic Black,779,2000803,38.934,1.989,41.2,5.82010582,
21,Incidence,Pancreas,2013,Female,Age_5564,Hispanic,342,1867830,18.31,1.463,19.27,5.243036592,
22,Incidence,Pancreas,2013,Male,Age_5564,Hispanic,380,1665910,22.81,1.686,27.37,19.99123192,
23,Incidence,Pancreas,2013,Female,Age_5564,Other,159,1093574,14.539,2.199,17.2,18.30249673,
24,Incidence,Pancreas,2013,Male,Age_5564,Other,181,928390,19.496,2.577,24.34,24.84612228,
25,Incidence,Pancreas,2013,Female,Age_over65,Non-hispanic White,11405,19500000,58.367,1.268,64.59245743,10.6660569,
26,Incidence,Pancreas,2013,Male,Age_over65,Non-hispanic White,11322,15600000,72.736,1.613,82.61541113,13.5825604,
27,Incidence,Pancreas,2013,Female,Age_over65,Non-hispanic Black,1678,2329909,72.02,4.153,77.61440425,7.767848164,
28,Incidence,Pancreas,2013,Male,Age_over65,Non-hispanic Black,1207,1542829,78.233,5.31,93.3872008,19.37059911,
29,Incidence,Pancreas,2013,Female,Age_over65,Hispanic,1011,1779060,56.828,4.281,62.36114459,9.73665199,
30,Incidence,Pancreas,2013,Male,Age_over65,Hispanic,855,1334251,64.081,5.165,66.16915641,3.258620198,
31,Incidence,Pancreas,2013,Female,Age_over65,Other,485,1023756,47.375,5.208,55.02257844,16.14264578,
32,Incidence,Pancreas,2013,Male,Age_over65,Other,424,829168,51.136,6.626,63.70661278,24.58270647,
1,Incidence,Kidney and Renal Pelvis,2013,Female,Age_2044,Non-hispanic White,1104,30600000,3.614,0.244,3.38533133,-6.327301338,
2,Incidence,Kidney and Renal Pelvis,2013,Male,Age_2044,Non-hispanic White,1609,31200000,5.16,0.289,5.288186305,2.484230721,
3,Incidence,Kidney and Renal Pelvis,2013,Female,Age_2044,Non-hispanic Black,219,5720433,3.828,0.522,3.181870797,-16.87902828,
4,Incidence,Kidney and Renal Pelvis,2013,Male,Age_2044,Non-hispanic Black,375,5220310,7.183,0.756,4.759928791,-33.73341513,
5,Incidence,Kidney and Renal Pelvis,2013,Female,Age_2044,Hispanic,299,9645322,3.1,0.423,4.223944598,36.25627735,
6,Incidence,Kidney and Renal Pelvis,2013,Male,Age_2044,Hispanic,375,8104530,4.627,0.504,4.601561696,-0.549779648,
7,Incidence,Kidney and Renal Pelvis,2013,Female,Age_2044,Other,21,866900,2.422,0.566,1.958257777,-19.14707774,
8,Incidence,Kidney and Renal Pelvis,2013,Male,Age_2044,Other,71,1423074,4.989,1.435,4.602396417,-7.74911973,
9,Incidence,Kidney and Renal Pelvis,2013,Female,Age_4554,Non-hispanic White,1956,14700000,13.279,0.423,15.23,14.69237141,
10,Incidence,Kidney and Renal Pelvis,2013,Male,Age_4554,Non-hispanic White,3775,14500000,25.967,0.594,28.84,11.06404282,
11,Incidence,Kidney and Renal Pelvis,2013,Female,Age_4554,Non-hispanic Black,398,2885488,13.793,0.977,13.32,-3.42927572,
12,Incidence,Kidney and Renal Pelvis,2013,Male,Age_4554,Non-hispanic Black,771,2549908,30.236,1.539,32.26,6.694007144,
13,Incidence,Kidney and Renal Pelvis,2013,Female,Age_4554,Hispanic,365,2737390,13.334,0.997,16.7,25.24373781,
14,Incidence,Kidney and Renal Pelvis,2013,Male,Age_4554,Hispanic,623,2824684,22.056,1.271,24.09,9.221980413,
15,Incidence,Kidney and Renal Pelvis,2013,Female,Age_4554,Other,96,1352002,7.101,1.594,8.55,20.40557668,
16,Incidence,Kidney and Renal Pelvis,2013,Male,Age_4554,Other,209,1277639,16.358,2.955,19.49,19.14659494,
17,Incidence,Kidney and Renal Pelvis,2013,Female,Age_5564,Non-hispanic White,3564,14700000,24.309,0.578,25.18,3.58303509,
18,Incidence,Kidney and Renal Pelvis,2013,Male,Age_5564,Non-hispanic White,7206,14000000,51.53,0.862,57.41,11.41082864,
19,Incidence,Kidney and Renal Pelvis,2013,Female,Age_5564,Non-hispanic Black,705,2394848,29.438,1.58,32.79,11.38664311,
20,Incidence,Kidney and Renal Pelvis,2013,Male,Age_5564,Non-hispanic Black,1260,2000803,62.975,2.532,64.31,2.119888845,
21,Incidence,Kidney and Renal Pelvis,2013,Female,Age_5564,Hispanic,506,1796973,28.159,1.796,34.65,23.05124472,
22,Incidence,Kidney and Renal Pelvis,2013,Male,Age_5564,Hispanic,835,1665910,50.123,2.486,55.08,9.889671408,
23,Incidence,Kidney and Renal Pelvis,2013,Female,Age_5564,Other,159,1178370,13.493,2.77,18.54,37.40458015,
24,Incidence,Kidney and Renal Pelvis,2013,Male,Age_5564,Other,316,987955,31.985,4.295,42.81,33.84398937,
25,Incidence,Kidney and Renal Pelvis,2013,Female,Age_over65,Non-hispanic White,8310,19500000,42.528,1.05,43.69002332,2.732372376,
26,Incidence,Kidney and Renal Pelvis,2013,Male,Age_over65,Non-hispanic White,13781,15600000,88.533,1.693,96.8472657,9.39114873,
27,Incidence,Kidney and Renal Pelvis,2013,Female,Age_over65,Non-hispanic Black,1137,2329909,48.8,3.191,54.05288867,10.76411613,
28,Incidence,Kidney and Renal Pelvis,2013,Male,Age_over65,Non-hispanic Black,1484,1542829,96.187,5.375,95.85065214,-0.349681201,
29,Incidence,Kidney and Renal Pelvis,2013,Female,Age_over65,Hispanic,857,1786156,47.98,3.719,46.85574204,-2.343180418,
30,Incidence,Kidney and Renal Pelvis,2013,Male,Age_over65,Hispanic,1216,1334198,91.141,5.857,92.02333011,0.968093509,
31,Incidence,Kidney and Renal Pelvis,2013,Female,Age_over65,Other,227,1094504,20.74,4.522,26.01285299,25.42359203,
32,Incidence,Kidney and Renal Pelvis,2013,Male,Age_over65,Other,458,874690,52.361,8.168,48.77289307,-6.852632542,
1,Incidence,Liver and Intrahepatic Bile Duct,2013,Female,Age_2044,Non-hispanic White,129,18100000,0.714,0.108,0.504830111,-29.29550272,
2,Incidence,Liver and Intrahepatic Bile Duct,2013,Male,Age_2044,Non-hispanic White,153,24600000,0.622,0.101,0.595452613,-4.268068576,
3,Incidence,Liver and Intrahepatic Bile Duct,2013,Female,Age_2044,Non-hispanic Black,19,1407370,1.35,0.31,0.82289762,-39.04462074,
4,Incidence,Liver and Intrahepatic Bile Duct,2013,Male,Age_2044,Non-hispanic Black,65,2444886,2.659,0.466,0.727989109,-72.62169578,
5,Incidence,Liver and Intrahepatic Bile Duct,2013,Female,Age_2044,Hispanic,21,2646931,0.793,0.219,0.372700994,-53.0011357,
6,Incidence,Liver and Intrahepatic Bile Duct,2013,Male,Age_2044,Hispanic,44,2567271,1.714,0.316,0.557765054,-67.45828156,
7,Incidence,Liver and Intrahepatic Bile Duct,2013,Female,Age_2044,Other,0,377180,0,0,0.489564444,#DIV/0!,
8,Incidence,Liver and Intrahepatic Bile Duct,2013,Male,Age_2044,Other,66,2241853,2.944,0.663,2.147784994,-27.04534666,
9,Incidence,Liver and Intrahepatic Bile Duct,2013,Female,Age_4554,Non-hispanic White,457,14700000,3.102,0.203,2.77,-10.7027724,
10,Incidence,Liver and Intrahepatic Bile Duct,2013,Male,Age_4554,Non-hispanic White,1483,14500000,10.201,0.369,7.29,-28.536418,
11,Incidence,Liver and Intrahepatic Bile Duct,2013,Female,Age_4554,Non-hispanic Black,148,2885488,5.129,0.594,3.03,-40.92415676,
12,Incidence,Liver and Intrahepatic Bile Duct,2013,Male,Age_4554,Non-hispanic Black,380,2549908,14.903,1.079,9.46,-36.52284775,
13,Incidence,Liver and Intrahepatic Bile Duct,2013,Female,Age_4554,Hispanic,136,2789996,4.875,0.609,3.62,-25.74358974,
14,Incidence,Liver and Intrahepatic Bile Duct,2013,Male,Age_4554,Hispanic,529,2793225,18.939,1.197,13.59,-28.24330746,
15,Incidence,Liver and Intrahepatic Bile Duct,2013,Female,Age_4554,Other,42,1258082,3.338,0.73,3.42,2.456560815,
16,Incidence,Liver and Intrahepatic Bile Duct,2013,Male,Age_4554,Other,228,1195835,19.066,2.315,14.24,-25.31207385,
17,Incidence,Liver and Intrahepatic Bile Duct,2013,Female,Age_5564,Non-hispanic White,1326,14700000,9.044,0.353,9.14,1.061477222,
18,Incidence,Liver and Intrahepatic Bile Duct,2013,Male,Age_5564,Non-hispanic White,5285,14000000,37.793,0.738,36.94,-2.257031725,
19,Incidence,Liver and Intrahepatic Bile Duct,2013,Female,Age_5564,Non-hispanic Black,458,2394848,19.124,1.27,14.79,-22.66262288,
20,Incidence,Liver and Intrahepatic Bile Duct,2013,Male,Age_5564,Non-hispanic Black,1638,2000803,81.867,2.906,58.91,-28.04182393,
21,Incidence,Liver and Intrahepatic Bile Duct,2013,Female,Age_5564,Hispanic,304,1856871,16.372,1.359,19.6,19.7165893,
22,Incidence,Liver and Intrahepatic Bile Duct,2013,Male,Age_5564,Hispanic,1071,1665910,64.289,2.806,55.42,-13.79551712,
23,Incidence,Liver and Intrahepatic Bile Duct,2013,Female,Age_5564,Other,147,1111640,13.224,2.077,13.91,5.18753781,
24,Incidence,Liver and Intrahepatic Bile Duct,2013,Male,Age_5564,Other,522,987955,52.836,4.847,52.93,0.177909001,
25,Incidence,Liver and Intrahepatic Bile Duct,2013,Female,Age_over65,Non-hispanic White,3054,19500000,15.629,0.647,19.92878257,27.51156548,
26,Incidence,Liver and Intrahepatic Bile Duct,2013,Male,Age_over65,Non-hispanic White,5945,15600000,38.192,1.122,53.97506549,41.32557993,
27,Incidence,Liver and Intrahepatic Bile Duct,2013,Female,Age_over65,Non-hispanic Black,463,2329909,19.872,2.091,26.17946175,31.74044762,
28,Incidence,Liver and Intrahepatic Bile Duct,2013,Male,Age_over65,Non-hispanic Black,935,1542829,60.603,4.111,89.35609861,47.44500868,
29,Incidence,Liver and Intrahepatic Bile Duct,2013,Female,Age_over65,Hispanic,698,1778787,39.24,3.452,50.02472942,27.48401993,
30,Incidence,Liver and Intrahepatic Bile Duct,2013,Male,Age_over65,Hispanic,1104,1331044,82.942,5.594,99.03463145,19.4022708,
31,Incidence,Liver and Intrahepatic Bile Duct,2013,Female,Age_over65,Other,404,1072475,37.67,4.781,37.40096835,-0.714180118,
32,Incidence,Liver and Intrahepatic Bile Duct,2013,Male,Age_over65,Other,717,857420,83.623,8.263,81.49998094,-2.538798015,
1,Incidence,Thyroid,2013,Female,Age_2044,Non-hispanic White,8514,30600000,27.869,0.678,26.87477942,-3.567478506,
2,Incidence,Thyroid,2013,Male,Age_2044,Non-hispanic White,2026,31200000,6.497,0.325,6.861882498,5.616168969,
3,Incidence,Thyroid,2013,Female,Age_2044,Non-hispanic Black,901,7484062,12.039,0.915,11.46570684,-4.761966618,
4,Incidence,Thyroid,2013,Male,Age_2044,Non-hispanic Black,141,5220310,2.701,0.461,1.623975705,-39.87502017,
5,Incidence,Thyroid,2013,Female,Age_2044,Hispanic,1834,9242684,19.843,1.06,22.66022043,14.19755294,
6,Incidence,Thyroid,2013,Male,Age_2044,Hispanic,356,10300000,3.446,0.427,4.3923998,27.46372027,
7,Incidence,Thyroid,2013,Female,Age_2044,Other,952,3996478,23.821,2.2,29.37386666,23.31080416,
8,Incidence,Thyroid,2013,Male,Age_2044,Other,216,3458680,6.245,0.955,6.136528556,-1.736932657,
9,Incidence,Thyroid,2013,Female,Age_4554,Non-hispanic White,5696,14700000,38.669,0.724,35.82,-7.367658848,
10,Incidence,Thyroid,2013,Male,Age_4554,Non-hispanic White,1888,14500000,12.987,0.423,12.67,-2.440902441,
11,Incidence,Thyroid,2013,Female,Age_4554,Non-hispanic Black,667,2885488,23.116,1.265,21.49,-7.034088943,
12,Incidence,Thyroid,2013,Male,Age_4554,Non-hispanic Black,147,2549908,5.765,0.672,3.72,-35.47267997,
13,Incidence,Thyroid,2013,Female,Age_4554,Hispanic,1001,2838636,35.263,1.855,36.72,4.131809545,
14,Incidence,Thyroid,2013,Male,Age_4554,Hispanic,229,2918234,7.847,0.756,8.34,6.282655792,
15,Incidence,Thyroid,2013,Female,Age_4554,Other,536,1439250,37.242,3.019,38.67,3.834380538,
16,Incidence,Thyroid,2013,Male,Age_4554,Other,106,1109784,9.551,1.315,14.39,50.66485185,
17,Incidence,Thyroid,2013,Female,Age_5564,Non-hispanic White,5117,14700000,34.901,0.689,31.56,-9.572791611,
18,Incidence,Thyroid,2013,Male,Age_5564,Non-hispanic White,2176,14000000,15.561,0.472,17.69,13.68164,
19,Incidence,Thyroid,2013,Female,Age_5564,Non-hispanic Black,679,2394848,28.353,1.545,23.95,-15.52922089,
20,Incidence,Thyroid,2013,Male,Age_5564,Non-hispanic Black,154,2000803,7.697,0.886,10.81,40.44432896,
21,Incidence,Thyroid,2013,Female,Age_5564,Hispanic,646,1796973,35.949,2.005,34.21,-4.837408551,
22,Incidence,Thyroid,2013,Male,Age_5564,Hispanic,208,1724055,12.065,1.203,11.58,-4.01989225,
23,Incidence,Thyroid,2013,Female,Age_5564,Other,388,1178370,32.927,3.188,38.28,16.25717496,
24,Incidence,Thyroid,2013,Male,Age_5564,Other,123,852728,14.424,1.846,15.45,7.113144759,
25,Incidence,Thyroid,2013,Female,Age_over65,Non-hispanic White,5052,19500000,25.854,0.781,26.18501161,1.280311009,
26,Incidence,Thyroid,2013,Male,Age_over65,Non-hispanic White,2815,15600000,18.084,0.731,18.84963718,4.233782216,
27,Incidence,Thyroid,2013,Female,Age_over65,Non-hispanic Black,597,2329909,25.623,2.208,24.17750291,-5.641404556,
28,Incidence,Thyroid,2013,Male,Age_over65,Non-hispanic Black,170,1417145,11.996,1.779,10.97355597,-8.523207989,
29,Incidence,Thyroid,2013,Female,Age_over65,Hispanic,573,1789085,32.028,2.859,31.12398324,-2.822582628,
30,Incidence,Thyroid,2013,Male,Age_over65,Hispanic,172,1098494,15.658,2.09,13.73046513,-12.310224,
31,Incidence,Thyroid,2013,Female,Age_over65,Other,352,1072475,32.821,4.175,28.65010075,-12.70802,
32,Incidence,Thyroid,2013,Male,Age_over65,Other,130,721703,18.013,3.191,14.13937291,-21.50461938,
1,Incidence,Ovary,2013,Female,Age_2044,Non-hispanic White,1226,30600000,4.013,0.256,3.593202552,-10.46093816,
2,Incidence,Ovary,2013,Male,Age_2044,Non-hispanic White,0,0,0,0,0,#DIV/0!,
3,Incidence,Ovary,2013,Female,Age_2044,Non-hispanic Black,220,7484062,2.94,0.453,3.127010956,6.360916873,
4,Incidence,Ovary,2013,Male,Age_2044,Non-hispanic Black,0,0,0,0,0,#DIV/0!,
5,Incidence,Ovary,2013,Female,Age_2044,Hispanic,335,9420680,3.556,0.451,4.124557666,15.98868577,
6,Incidence,Ovary,2013,Male,Age_2044,Hispanic,0,0,0,0,0,#DIV/0!,
7,Incidence,Ovary,2013,Female,Age_2044,Other,124,2313673,5.359,0.837,4.650862221,-13.21399103,
8,Incidence,Ovary,2013,Male,Age_2044,Other,0,0,0,0,0,#DIV/0!,
9,Incidence,Ovary,2013,Female,Age_4554,Non-hispanic White,2475,14700000,16.802,0.475,13.75,-18.16450423,
10,Incidence,Ovary,2013,Male,Age_4554,Non-hispanic White,0,0,0,0,0,#DIV/0!,
11,Incidence,Ovary,2013,Female,Age_4554,Non-hispanic Black,364,2885488,12.615,0.934,11.81,-6.381292113,
12,Incidence,Ovary,2013,Male,Age_4554,Non-hispanic Black,0,0,0,0,0,#DIV/0!,
13,Incidence,Ovary,2013,Female,Age_4554,Hispanic,387,2765758,13.993,1.017,16,14.34288573,
14,Incidence,Ovary,2013,Male,Age_4554,Hispanic,0,0,0,0,0,#DIV/0!,
15,Incidence,Ovary,2013,Female,Age_4554,Other,256,1439250,17.787,2.237,18.15,2.040816327,
16,Incidence,Ovary,2013,Male,Age_4554,Other,0,0,0,0,0,#DIV/0!,
17,Incidence,Ovary,2013,Female,Age_5564,Non-hispanic White,3730,14700000,25.441,0.591,23.22,-8.730002751,
18,Incidence,Ovary,2013,Male,Age_5564,Non-hispanic White,0,0,0,0,0,#DIV/0!,
19,Incidence,Ovary,2013,Female,Age_5564,Non-hispanic Black,479,2394848,20.001,1.3,18.81,-5.954702265,
20,Incidence,Ovary,2013,Male,Age_5564,Non-hispanic Black,0,0,0,0,0,#DIV/0!,
21,Incidence,Ovary,2013,Female,Age_5564,Hispanic,412,1829574,22.519,1.585,23.17,2.890892136,
22,Incidence,Ovary,2013,Male,Age_5564,Hispanic,0,0,0,0,0,#DIV/0!,
23,Incidence,Ovary,2013,Female,Age_5564,Other,224,1093574,20.483,2.475,20.93,2.182297515,
24,Incidence,Ovary,2013,Male,Age_5564,Other,0,0,0,0,0,#DIV/0!,
25,Incidence,Ovary,2013,Female,Age_over65,Non-hispanic White,8024,19500000,41.064,1.037,36.9780425,-9.950217951,
26,Incidence,Ovary,2013,Male,Age_over65,Non-hispanic White,0,0,0,0,0,#DIV/0!,
27,Incidence,Ovary,2013,Female,Age_over65,Non-hispanic Black,762,2329909,32.705,2.705,30.33737626,-7.239332629,
28,Incidence,Ovary,2013,Male,Age_over65,Non-hispanic Black,0,0,0,0,0,#DIV/0!,
29,Incidence,Ovary,2013,Female,Age_over65,Hispanic,566,1788285,31.65,3.043,31.01080512,-2.019573096,
30,Incidence,Ovary,2013,Male,Age_over65,Hispanic,0,0,0,0,0,#DIV/0!,
31,Incidence,Ovary,2013,Female,Age_over65,Other,265,1072475,24.709,3.892,26.01285299,5.276834298,
32,Incidence,Ovary,2013,Male,Age_over65,Other,0,0,0,0,0,#DIV/0!,
1,Incidence,Corpus Uteri,2013,Female,Age_2044,Non-hispanic White,1747,30600000,5.718,0.306,5.478891494,-4.181680762,
2,Incidence,Corpus Uteri,2013,Male,Age_2044,Non-hispanic White,0,0,0,0,0,#DIV/0!,
3,Incidence,Corpus Uteri,2013,Female,Age_2044,Non-hispanic Black,308,5720433,5.384,0.619,4.992245561,-7.276271147,
4,Incidence,Corpus Uteri,2013,Male,Age_2044,Non-hispanic Black,0,0,0,0,0,#DIV/0!,
5,Incidence,Corpus Uteri,2013,Female,Age_2044,Hispanic,583,7435046,7.841,0.674,8.547276127,9.007475159,
6,Incidence,Corpus Uteri,2013,Male,Age_2044,Hispanic,0,0,0,0,0,#DIV/0!,
7,Incidence,Corpus Uteri,2013,Female,Age_2044,Other,257,3153849,8.149,1.396,10.133984,24.35862065,
8,Incidence,Corpus Uteri,2013,Male,Age_2044,Other,0,0,0,0,0,#DIV/0!,
9,Incidence,Corpus Uteri,2013,Female,Age_4554,Non-hispanic White,5247,14700000,35.621,0.688,37.02,3.927458522,
10,Incidence,Corpus Uteri,2013,Male,Age_4554,Non-hispanic White,0,0,0,0,0,#DIV/0!,
11,Incidence,Corpus Uteri,2013,Female,Age_4554,Non-hispanic Black,594,2885488,20.586,1.192,24.82,20.56737589,
12,Incidence,Corpus Uteri,2013,Male,Age_4554,Non-hispanic Black,0,0,0,0,0,#DIV/0!,
13,Incidence,Corpus Uteri,2013,Female,Age_4554,Hispanic,843,2716476,31.033,1.527,34.91,12.49315245,
14,Incidence,Corpus Uteri,2013,Male,Age_4554,Hispanic,0,0,0,0,0,#DIV/0!,
15,Incidence,Corpus Uteri,2013,Female,Age_4554,Other,462,1439250,32.1,2.969,50.11,56.105919,
16,Incidence,Corpus Uteri,2013,Male,Age_4554,Other,0,0,0,0,0,#DIV/0!,
17,Incidence,Corpus Uteri,2013,Female,Age_5564,Non-hispanic White,12692,14700000,86.567,1.09,88.98,2.787436321,
18,Incidence,Corpus Uteri,2013,Male,Age_5564,Non-hispanic White,0,0,0,0,0,#DIV/0!,
19,Incidence,Corpus Uteri,2013,Female,Age_5564,Non-hispanic Black,1818,2394848,75.913,2.555,86.81,14.35459012,
20,Incidence,Corpus Uteri,2013,Male,Age_5564,Non-hispanic Black,0,0,0,0,0,#DIV/0!,
21,Incidence,Corpus Uteri,2013,Female,Age_5564,Hispanic,1270,1889308,67.22,3.804,82.07,22.09163939,
22,Incidence,Corpus Uteri,2013,Male,Age_5564,Hispanic,0,0,0,0,0,#DIV/0!,
23,Incidence,Corpus Uteri,2013,Female,Age_5564,Other,695,1178370,58.98,4.566,80.6,36.65649373,
24,Incidence,Corpus Uteri,2013,Male,Age_5564,Other,0,0,0,0,0,#DIV/0!,
25,Incidence,Corpus Uteri,2013,Female,Age_over65,Non-hispanic White,16489,19500000,84.385,1.428,95.43856683,13.09897119,
26,Incidence,Corpus Uteri,2013,Male,Age_over65,Non-hispanic White,0,0,0,0,0,#DIV/0!,
27,Incidence,Corpus Uteri,2013,Female,Age_over65,Non-hispanic Black,2159,2329909,92.665,4.309,113.4956665,22.47954085,
28,Incidence,Corpus Uteri,2013,Male,Age_over65,Non-hispanic Black,0,0,0,0,0,#DIV/0!,
29,Incidence,Corpus Uteri,2013,Female,Age_over65,Hispanic,1277,1805087,70.745,4.626,78.658794,11.18636511,
30,Incidence,Corpus Uteri,2013,Male,Age_over65,Hispanic,0,0,0,0,0,#DIV/0!,
31,Incidence,Corpus Uteri,2013,Female,Age_over65,Other,554,1105246,50.125,5.755,63.89332093,27.46797193,
32,Incidence,Corpus Uteri,2013,Male,Age_over65,Other,0,0,0,0,0,#DIV/0!,
1,Incidence,Esophagus: Adenomas and adenocarcinomas,2013,Female,Age_2044,Non-hispanic White,23,36482609,0.0630459,0.0417448,,-100,
2,Incidence,Esophagus: Adenomas and adenocarcinomas,2013,Male,Age_2044,Non-hispanic White,175,37342837,0.4686394,0.1145513,,-100,
3,Incidence,Esophagus: Adenomas and adenocarcinomas,2013,Female,Age_2044,Non-hispanic Black,1,9307531,0.0107455,0.0533927,,-100,
4,Incidence,Esophagus: Adenomas and adenocarcinomas,2013,Male,Age_2044,Non-hispanic Black,1,8711528,0.0114777,0.0574841,,-100,
5,Incidence,Esophagus: Adenomas and adenocarcinomas,2013,Female,Age_2044,Hispanic,2,13578194,0.0147296,0.0463263,,-100,
6,Incidence,Esophagus: Adenomas and adenocarcinomas,2013,Male,Age_2044,Hispanic,12,14674104,0.0817776,0.1080803,,-100,
7,Incidence,Esophagus: Adenomas and adenocarcinomas,2013,Female,Age_2044,Other,1,5853976,0.0170822,0.0670397,,-100,
8,Incidence,Esophagus: Adenomas and adenocarcinomas,2013,Male,Age_2044,Other,2,5451523,0.0366867,0.1055198,,-100,
9,Incidence,Esophagus: Adenomas and adenocarcinomas,2013,Female,Age_4554,Non-hispanic White,134,17662722,0.7586421,0.1279846,,-100,
10,Incidence,Esophagus: Adenomas and adenocarcinomas,2013,Male,Age_4554,Non-hispanic White,957,17472903,5.477056,0.3445766,,-100,
11,Incidence,Esophagus: Adenomas and adenocarcinomas,2013,Female,Age_4554,Non-hispanic Black,2,3600738,0.0555393,0.1210522,,-100,
12,Incidence,Esophagus: Adenomas and adenocarcinomas,2013,Male,Age_4554,Non-hispanic Black,32,3184952,1.004705,0.4015239,,-100,
13,Incidence,Esophagus: Adenomas and adenocarcinomas,2013,Female,Age_4554,Hispanic,1,4045659,0.0247196,0.070821,,-100,
14,Incidence,Esophagus: Adenomas and adenocarcinomas,2013,Male,Age_4554,Hispanic,52,4115864,1.263393,0.3639716,,-100,
15,Incidence,Esophagus: Adenomas and adenocarcinomas,2013,Female,Age_4554,Other,0,2055706,0,0,,#DIV/0!,
16,Incidence,Esophagus: Adenomas and adenocarcinomas,2013,Male,Age_4554,Other,4,1818452,0.2199654,0.2739583,,-100,
17,Incidence,Esophagus: Adenomas and adenocarcinomas,2013,Female,Age_5564,Non-hispanic White,336,17548091,1.914708,0.2034572,,-100,
18,Incidence,Esophagus: Adenomas and adenocarcinomas,2013,Male,Age_5564,Non-hispanic White,2473,16759644,14.75571,0.5883471,,-100,
19,Incidence,Esophagus: Adenomas and adenocarcinomas,2013,Female,Age_5564,Non-hispanic Black,5,2982009,0.167667,0.2419696,,-100,
20,Incidence,Esophagus: Adenomas and adenocarcinomas,2013,Male,Age_5564,Non-hispanic Black,82,2493419,3.288662,0.7483896,,-100,
21,Incidence,Esophagus: Adenomas and adenocarcinomas,2013,Female,Age_5564,Hispanic,6,2647517,0.2266366,0.2638293,,-100,
22,Incidence,Esophagus: Adenomas and adenocarcinomas,2013,Male,Age_5564,Hispanic,131,2453141,5.340107,1.103699,,-100,
23,Incidence,Esophagus: Adenomas and adenocarcinomas,2013,Female,Age_5564,Other,5,1699593,0.2941881,0.7786145,,-100,
24,Incidence,Esophagus: Adenomas and adenocarcinomas,2013,Male,Age_5564,Other,11,1421186,0.7739992,1.44188,,-100,
25,Incidence,Esophagus: Adenomas and adenocarcinomas,2013,Female,Age_over65,Non-hispanic White,959,23310298,4.114054,0.4312265,,-100,
26,Incidence,Esophagus: Adenomas and adenocarcinomas,2013,Male,Age_over65,Non-hispanic White,5288,18558474,28.49373,1.251221,,-100,
27,Incidence,Esophagus: Adenomas and adenocarcinomas,2013,Female,Age_over65,Non-hispanic Black,4,2891576,0.1383277,0.3240781,,-100,
28,Incidence,Esophagus: Adenomas and adenocarcinomas,2013,Male,Age_over65,Non-hispanic Black,86,1919228,4.48097,1.503973,,-100,
29,Incidence,Esophagus: Adenomas and adenocarcinomas,2013,Female,Age_over65,Hispanic,25,2510902,0.9956583,0.9190088,,-100,
30,Incidence,Esophagus: Adenomas and adenocarcinomas,2013,Male,Age_over65,Hispanic,207,1887534,10.96669,2.443704,,-100,
31,Incidence,Esophagus: Adenomas and adenocarcinomas,2013,Female,Age_over65,Other,2,1690385,0.1183126,0.6836123,,-100,
32,Incidence,Esophagus: Adenomas and adenocarcinomas,2013,Male,Age_over65,Other,18,1298968,1.385712,2.64625,,-100,
1,Incidence,Esophagus: Squamous cell neoplasm,2013,Female,Age_2044,Non-hispanic White,2,36482609,0.0054817,0.0189879,,-100,
2,Incidence,Esophagus: Squamous cell neoplasm,2013,Male,Age_2044,Non-hispanic White,2,37342837,0.0053575,0.0191569,,-100,
3,Incidence,Esophagus: Squamous cell neoplasm,2013,Female,Age_2044,Non-hispanic Black,1,9307531,0.0107432,0.0554595,,-100,
4,Incidence,Esophagus: Squamous cell neoplasm,2013,Male,Age_2044,Non-hispanic Black,2,8711528,0.0229596,0.084569,,-100,
5,Incidence,Esophagus: Squamous cell neoplasm,2013,Female,Age_2044,Hispanic,1,13578194,0.0073665,0.0331634,,-100,
6,Incidence,Esophagus: Squamous cell neoplasm,2013,Male,Age_2044,Hispanic,3,14674104,0.0204467,0.0548918,,-100,
7,Incidence,Esophagus: Squamous cell neoplasm,2013,Female,Age_2044,Other,1,5853976,0.0170824,0.2725936,,-100,
8,Incidence,Esophagus: Squamous cell neoplasm,2013,Male,Age_2044,Other,1,5451523,0.0183408,0.0740657,,-100,
9,Incidence,Esophagus: Squamous cell neoplasm,2013,Female,Age_4554,Non-hispanic White,109,17662722,0.6171034,0.119638,,-100,
10,Incidence,Esophagus: Squamous cell neoplasm,2013,Male,Age_4554,Non-hispanic White,201,17472903,1.150339,0.1585387,,-100,
11,Incidence,Esophagus: Squamous cell neoplasm,2013,Female,Age_4554,Non-hispanic Black,87,3600738,2.416148,0.4888991,,-100,
12,Incidence,Esophagus: Squamous cell neoplasm,2013,Male,Age_4554,Non-hispanic Black,142,3184952,4.458459,0.7561755,,-100,
13,Incidence,Esophagus: Squamous cell neoplasm,2013,Female,Age_4554,Hispanic,2,4045659,0.0494426,0.0967698,,-100,
14,Incidence,Esophagus: Squamous cell neoplasm,2013,Male,Age_4554,Hispanic,28,4115864,0.6803076,0.4473052,,-100,
15,Incidence,Esophagus: Squamous cell neoplasm,2013,Female,Age_4554,Other,1,2055706,0.0486471,0.1218886,,-100,
16,Incidence,Esophagus: Squamous cell neoplasm,2013,Male,Age_4554,Other,12,1818452,0.6598996,0.6651441,,-100,
17,Incidence,Esophagus: Squamous cell neoplasm,2013,Female,Age_5564,Non-hispanic White,316,17548091,1.800771,0.2030864,,-100,
18,Incidence,Esophagus: Squamous cell neoplasm,2013,Male,Age_5564,Non-hispanic White,602,16759644,3.591949,0.3008521,,-100,
19,Incidence,Esophagus: Squamous cell neoplasm,2013,Female,Age_5564,Non-hispanic Black,157,2982009,5.26491,0.8602343,,-100,
20,Incidence,Esophagus: Squamous cell neoplasm,2013,Male,Age_5564,Non-hispanic Black,369,2493419,14.79895,1.579496,,-100,
21,Incidence,Esophagus: Squamous cell neoplasm,2013,Female,Age_5564,Hispanic,9,2647517,0.3399527,1.0281,,-100,
22,Incidence,Esophagus: Squamous cell neoplasm,2013,Male,Age_5564,Hispanic,79,2453141,3.220339,0.7671549,,-100,
23,Incidence,Esophagus: Squamous cell neoplasm,2013,Female,Age_5564,Other,10,1699593,0.5883833,0.7007256,,-100,
24,Incidence,Esophagus: Squamous cell neoplasm,2013,Male,Age_5564,Other,47,1421186,3.307108,1.378711,,-100,
25,Incidence,Esophagus: Squamous cell neoplasm,2013,Female,Age_over65,Non-hispanic White,941,23310298,4.03682,0.4302709,,-100,
26,Incidence,Esophagus: Squamous cell neoplasm,2013,Male,Age_over65,Non-hispanic White,1275,18558474,6.870172,0.6238654,,-100,
27,Incidence,Esophagus: Squamous cell neoplasm,2013,Female,Age_over65,Non-hispanic Black,227,2891576,7.850368,1.737173,,-100,
28,Incidence,Esophagus: Squamous cell neoplasm,2013,Male,Age_over65,Non-hispanic Black,446,1919228,23.23851,3.417029,,-100,
29,Incidence,Esophagus: Squamous cell neoplasm,2013,Female,Age_over65,Hispanic,15,2510902,0.5973963,0.7046359,,-100,
30,Incidence,Esophagus: Squamous cell neoplasm,2013,Male,Age_over65,Hispanic,132,1887534,6.993267,1.990511,,-100,
31,Incidence,Esophagus: Squamous cell neoplasm,2013,Female,Age_over65,Other,25,1690385,1.478953,1.368762,,-100,
32,Incidence,Esophagus: Squamous cell neoplasm,2013,Male,Age_over65,Other,102,1298968,7.852383,3.094805,,-100,
1,Incidence,"Stomach: Cardia, NOS",2013,Female,Age_2044,Non-hispanic White,31,36482609,0.0823021,0.0605003,0.148479444,80.40784413,
2,Incidence,"Stomach: Cardia, NOS",2013,Male,Age_2044,Non-hispanic White,150,37342837,0.4080007,0.105479,0.482033068,18.14515711,
3,Incidence,"Stomach: Cardia, NOS",2013,Female,Age_2044,Non-hispanic Black,2,9307531,0.0198543,0.079708,0.274299207,1281.560703,
4,Incidence,"Stomach: Cardia, NOS",2013,Male,Age_2044,Non-hispanic Black,1,8711528,0.0113806,0.0584309,0.223996649,1868.232334,
5,Incidence,"Stomach: Cardia, NOS",2013,Female,Age_2044,Hispanic,4,13578194,0.0301568,0.0669245,0.17392713,476.74266,
6,Incidence,"Stomach: Cardia, NOS",2013,Male,Age_2044,Hispanic,32,14674104,0.2199391,0.1484256,0.511284633,132.4664568,
7,Incidence,"Stomach: Cardia, NOS",2013,Female,Age_2044,Other,1,5853976,0.0194779,0.0764421,0.195825778,905.3741816,
8,Incidence,"Stomach: Cardia, NOS",2013,Male,Age_2044,Other,7,5451523,0.1295504,0.3471458,0.562515118,334.20562,
9,Incidence,"Stomach: Cardia, NOS",2013,Female,Age_4554,Non-hispanic White,161,17662722,0.9051616,0.1461561,0.51,-43.65646974,
10,Incidence,"Stomach: Cardia, NOS",2013,Male,Age_4554,Non-hispanic White,646,17472903,3.687808,0.3082906,3.37,-8.617802228,
11,Incidence,"Stomach: Cardia, NOS",2013,Female,Age_4554,Non-hispanic Black,2,3600738,0.0627815,0.1372385,0.3,377.8477736,
12,Incidence,"Stomach: Cardia, NOS",2013,Male,Age_4554,Non-hispanic Black,60,3184952,1.877614,0.4815989,1.35,-28.10023786,
13,Incidence,"Stomach: Cardia, NOS",2013,Female,Age_4554,Hispanic,6,4045659,0.1471185,0.1829019,1.42,865.2083185,
14,Incidence,"Stomach: Cardia, NOS",2013,Male,Age_4554,Hispanic,79,4115864,1.90925,0.564932,2.01,5.276941207,
15,Incidence,"Stomach: Cardia, NOS",2013,Female,Age_4554,Other,1,2055706,0.0486432,0.4242335,1.05,2058.575094,
16,Incidence,"Stomach: Cardia, NOS",2013,Male,Age_4554,Other,6,1818452,0.3303229,0.5796929,2.1,535.7415729,
17,Incidence,"Stomach: Cardia, NOS",2013,Female,Age_5564,Non-hispanic White,299,17548091,1.664505,0.1931195,1.75,5.136361861,
18,Incidence,"Stomach: Cardia, NOS",2013,Male,Age_5564,Non-hispanic White,1541,16759644,9.19877,0.4588393,8.86,-3.68277498,
19,Incidence,"Stomach: Cardia, NOS",2013,Female,Age_5564,Non-hispanic Black,60,2982009,1.99462,0.4828694,1.13,-43.34760506,
20,Incidence,"Stomach: Cardia, NOS",2013,Male,Age_5564,Non-hispanic Black,107,2493419,4.278168,0.8401003,3.91,-8.605739653,
21,Incidence,"Stomach: Cardia, NOS",2013,Female,Age_5564,Hispanic,32,2647517,1.205278,0.715191,1.3,7.85893379,
22,Incidence,"Stomach: Cardia, NOS",2013,Male,Age_5564,Hispanic,117,2453141,4.772662,1.410551,3.52,-26.24661038,
23,Incidence,"Stomach: Cardia, NOS",2013,Female,Age_5564,Other,11,1699593,0.6341774,0.8901665,1.64,158.602719,
24,Incidence,"Stomach: Cardia, NOS",2013,Male,Age_5564,Other,50,1421186,3.537225,1.416277,3.2,-9.533603319,
25,Incidence,"Stomach: Cardia, NOS",2013,Female,Age_over65,Non-hispanic White,1012,23310298,4.345941,0.439009,4.122482049,-5.141785195,
26,Incidence,"Stomach: Cardia, NOS",2013,Male,Age_over65,Non-hispanic White,3704,18558474,19.95578,1.077455,18.69823447,-6.301660633,
27,Incidence,"Stomach: Cardia, NOS",2013,Female,Age_over65,Non-hispanic Black,74,2891576,2.562049,1.027485,3.541927178,38.24587968,
28,Incidence,"Stomach: Cardia, NOS",2013,Male,Age_over65,Non-hispanic Black,178,1919228,9.281658,2.324623,12.76515694,37.53099871,
29,Incidence,"Stomach: Cardia, NOS",2013,Female,Age_over65,Hispanic,66,2510902,2.617583,1.779002,3.168987384,21.06540209,
30,Incidence,"Stomach: Cardia, NOS",2013,Male,Age_over65,Hispanic,225,1887534,11.92225,3.951648,9.9326769,-16.68789951,
31,Incidence,"Stomach: Cardia, NOS",2013,Female,Age_over65,Other,24,1690385,1.411082,1.894218,4.075746551,188.8383915,
32,Incidence,"Stomach: Cardia, NOS",2013,Male,Age_over65,Other,140,1298968,10.77268,4.08846,12.07407125,12.08047811,
1,Incidence,Myeloma: Multiple myeloma/plasma-cell leuk,2013,Female,Age_2044,Non-hispanic White,104,36482609,0.2850579,0.0946799,0.519678055,82.30614026,
2,Incidence,Myeloma: Multiple myeloma/plasma-cell leuk,2013,Male,Age_2044,Non-hispanic White,168,37342837,0.4499141,0.1141535,0.708872159,57.55722234,
3,Incidence,Myeloma: Multiple myeloma/plasma-cell leuk,2013,Female,Age_2044,Non-hispanic Black,112,9307531,1.203326,0.3813514,1.590935399,32.21150367,
4,Incidence,Myeloma: Multiple myeloma/plasma-cell leuk,2013,Male,Age_2044,Non-hispanic Black,95,8711528,1.090565,0.3876471,1.73597403,59.18116113,
5,Incidence,Myeloma: Multiple myeloma/plasma-cell leuk,2013,Female,Age_2044,Hispanic,29,13578194,0.2135742,0.1476672,0.59632159,179.2104993,
6,Incidence,Myeloma: Multiple myeloma/plasma-cell leuk,2013,Male,Age_2044,Hispanic,47,14674104,0.3202757,0.1790115,0.511284633,59.63890887,
7,Incidence,Myeloma: Multiple myeloma/plasma-cell leuk,2013,Female,Age_2044,Other,4,5853976,0.0682913,0.1352613,0.440608,545.1890649,
8,Incidence,Myeloma: Multiple myeloma/plasma-cell leuk,2013,Male,Age_2044,Other,3,5451523,0.0550213,0.1278336,0.818203807,1387.067386,
9,Incidence,Myeloma: Multiple myeloma/plasma-cell leuk,2013,Female,Age_4554,Non-hispanic White,562,17662722,3.181902,0.2662118,3.83,20.36825773,
10,Incidence,Myeloma: Multiple myeloma/plasma-cell leuk,2013,Male,Age_4554,Non-hispanic White,840,17472903,4.807604,0.3319828,5.62,16.89814719,
11,Incidence,Myeloma: Multiple myeloma/plasma-cell leuk,2013,Female,Age_4554,Non-hispanic Black,347,3600738,9.636946,1.047662,13.93,44.54786817,
12,Incidence,Myeloma: Multiple myeloma/plasma-cell leuk,2013,Male,Age_4554,Non-hispanic Black,349,3184952,10.95789,1.167076,14.86,35.61004901,
13,Incidence,Myeloma: Multiple myeloma/plasma-cell leuk,2013,Female,Age_4554,Hispanic,146,4045659,3.608928,0.7964351,5.2,44.08710842,
14,Incidence,Myeloma: Multiple myeloma/plasma-cell leuk,2013,Male,Age_4554,Hispanic,175,4115864,4.252046,0.790253,6.33,48.86950894,
15,Incidence,Myeloma: Multiple myeloma/plasma-cell leuk,2013,Female,Age_4554,Other,18,2055706,0.8755653,0.8801195,2.37,170.6822666,
16,Incidence,Myeloma: Multiple myeloma/plasma-cell leuk,2013,Male,Age_4554,Other,59,1818452,3.244634,1.057227,4.35,34.06750962,
17,Incidence,Myeloma: Multiple myeloma/plasma-cell leuk,2013,Female,Age_5564,Non-hispanic White,1426,17548091,8.126022,0.4369568,9.14,12.47815967,
18,Incidence,Myeloma: Multiple myeloma/plasma-cell leuk,2013,Male,Age_5564,Non-hispanic White,2035,16759644,12.14227,0.546377,13.58,11.84070194,
19,Incidence,Myeloma: Multiple myeloma/plasma-cell leuk,2013,Female,Age_5564,Non-hispanic Black,704,2982009,23.60811,1.829833,26.52,12.33427835,
20,Incidence,Myeloma: Multiple myeloma/plasma-cell leuk,2013,Male,Age_5564,Non-hispanic Black,777,2493419,31.16206,2.324326,32.25,3.491232608,
21,Incidence,Myeloma: Multiple myeloma/plasma-cell leuk,2013,Female,Age_5564,Hispanic,206,2647517,7.78079,1.37809,11.69,50.24181349,
22,Incidence,Myeloma: Multiple myeloma/plasma-cell leuk,2013,Male,Age_5564,Hispanic,307,2453141,12.51464,1.905409,14.88,18.90074345,
23,Incidence,Myeloma: Multiple myeloma/plasma-cell leuk,2013,Female,Age_5564,Other,97,1699593,5.707417,1.614761,5.83,2.14778419,
24,Incidence,Myeloma: Multiple myeloma/plasma-cell leuk,2013,Male,Age_5564,Other,86,1421186,6.051243,1.627434,9.24,52.69590066,
25,Incidence,Myeloma: Multiple myeloma/plasma-cell leuk,2013,Female,Age_over65,Non-hispanic White,4793,23310298,20.56158,0.972665,22.99474912,11.83357076,
26,Incidence,Myeloma: Multiple myeloma/plasma-cell leuk,2013,Male,Age_over65,Non-hispanic White,6315,18558474,34.0276,1.470381,39.36470414,15.68463289,
27,Incidence,Myeloma: Multiple myeloma/plasma-cell leuk,2013,Female,Age_over65,Non-hispanic Black,1462,2891576,50.56056,4.338728,59.13478419,16.9583252,
28,Incidence,Myeloma: Multiple myeloma/plasma-cell leuk,2013,Male,Age_over65,Non-hispanic Black,1360,1919228,70.86163,6.448545,81.74179447,15.3540985,
29,Incidence,Myeloma: Multiple myeloma/plasma-cell leuk,2013,Female,Age_over65,Hispanic,528,2510902,21.02828,4.229125,26.25732404,24.86672252,
30,Incidence,Myeloma: Multiple myeloma/plasma-cell leuk,2013,Male,Age_over65,Hispanic,619,1887534,32.79401,6.019363,35.93291937,9.571593637,
31,Incidence,Myeloma: Multiple myeloma/plasma-cell leuk,2013,Female,Age_over65,Other,215,1690385,12.71905,4.478915,17.74148499,39.48750092,
32,Incidence,Myeloma: Multiple myeloma/plasma-cell leuk,2013,Male,Age_over65,Other,255,1298968,19.63092,5.916738,24.62475058,25.43859674,
1,Incidence,meningiomas: meningiomas,2013,Female,Age_2044,Non-hispanic White,0,36482609,0,0,,#DIV/0!,
2,Incidence,meningiomas: meningiomas,2013,Male,Age_2044,Non-hispanic White,0,37342837,0,0,,#DIV/0!,
3,Incidence,meningiomas: meningiomas,2013,Female,Age_2044,Non-hispanic Black,0,9307531,0,0,,#DIV/0!,
4,Incidence,meningiomas: meningiomas,2013,Male,Age_2044,Non-hispanic Black,0,8711528,0,0,,#DIV/0!,
5,Incidence,meningiomas: meningiomas,2013,Female,Age_2044,Hispanic,0,13578194,0,0,,#DIV/0!,
6,Incidence,meningiomas: meningiomas,2013,Male,Age_2044,Hispanic,0,14674104,0,0,,#DIV/0!,
7,Incidence,meningiomas: meningiomas,2013,Female,Age_2044,Other,0,5853976,0,0,,#DIV/0!,
8,Incidence,meningiomas: meningiomas,2013,Male,Age_2044,Other,0,5451523,0,0,,#DIV/0!,
9,Incidence,meningiomas: meningiomas,2013,Female,Age_4554,Non-hispanic White,0,17662722,0,0,,#DIV/0!,
10,Incidence,meningiomas: meningiomas,2013,Male,Age_4554,Non-hispanic White,0,17472903,0,0,,#DIV/0!,
11,Incidence,meningiomas: meningiomas,2013,Female,Age_4554,Non-hispanic Black,0,3600738,0,0,,#DIV/0!,
12,Incidence,meningiomas: meningiomas,2013,Male,Age_4554,Non-hispanic Black,0,3184952,0,0,,#DIV/0!,
13,Incidence,meningiomas: meningiomas,2013,Female,Age_4554,Hispanic,0,4045659,0,0,,#DIV/0!,
14,Incidence,meningiomas: meningiomas,2013,Male,Age_4554,Hispanic,0,4115864,0,0,,#DIV/0!,
15,Incidence,meningiomas: meningiomas,2013,Female,Age_4554,Other,0,2055706,0,0,,#DIV/0!,
16,Incidence,meningiomas: meningiomas,2013,Male,Age_4554,Other,0,1818452,0,0,,#DIV/0!,
17,Incidence,meningiomas: meningiomas,2013,Female,Age_5564,Non-hispanic White,18,17548091,0.1027144,0.0370585,,-100,
18,Incidence,meningiomas: meningiomas,2013,Male,Age_5564,Non-hispanic White,0,16759644,0,0,,#DIV/0!,
19,Incidence,meningiomas: meningiomas,2013,Female,Age_5564,Non-hispanic Black,0,2982009,0,0,,#DIV/0!,
20,Incidence,meningiomas: meningiomas,2013,Male,Age_5564,Non-hispanic Black,0,2493419,0,0,,#DIV/0!,
21,Incidence,meningiomas: meningiomas,2013,Female,Age_5564,Hispanic,0,2647517,0,0,,#DIV/0!,
22,Incidence,meningiomas: meningiomas,2013,Male,Age_5564,Hispanic,0,2453141,0,0,,#DIV/0!,
23,Incidence,meningiomas: meningiomas,2013,Female,Age_5564,Other,0,1699593,0,0,,#DIV/0!,
24,Incidence,meningiomas: meningiomas,2013,Male,Age_5564,Other,0,1421186,0,0,,#DIV/0!,
25,Incidence,meningiomas: meningiomas,2013,Female,Age_over65,Non-hispanic White,53,23310298,0.2274549,0.0752692,,-100,
26,Incidence,meningiomas: meningiomas,2013,Male,Age_over65,Non-hispanic White,0,18558474,0,0,,#DIV/0!,
27,Incidence,meningiomas: meningiomas,2013,Female,Age_over65,Non-hispanic Black,0,2891576,0,0,,#DIV/0!,
28,Incidence,meningiomas: meningiomas,2013,Male,Age_over65,Non-hispanic Black,0,1919228,0,0,,#DIV/0!,
29,Incidence,meningiomas: meningiomas,2013,Female,Age_over65,Hispanic,0,2510902,0,0,,#DIV/0!,
30,Incidence,meningiomas: meningiomas,2013,Male,Age_over65,Hispanic,0,1887534,0,0,,#DIV/0!,
31,Incidence,meningiomas: meningiomas,2013,Female,Age_over65,Other,0,1690385,0,0,,#DIV/0!,
32,Incidence,meningiomas: meningiomas,2013,Male,Age_over65,Other,0,1298968,0,0,,#DIV/0!,
1,Incidence,Oral Cavity and Pharynx,2013,Female,Age_2044,Non-hispanic White,567,30550277,1.855942,0.174563,2.167799887,16.80321295,oral cavity and pharynx and larynx
2,Incidence,Oral Cavity and Pharynx,2013,Male,Age_2044,Non-hispanic White,1052,31183864,3.373556,0.2328299,3.516005908,4.222544639,
3,Incidence,Oral Cavity and Pharynx,2013,Female,Age_2044,Non-hispanic Black,92,7484062,1.229288,0.2971802,1.536075557,24.95652421,
4,Incidence,Oral Cavity and Pharynx,2013,Male,Age_2044,Non-hispanic Black,138,7008437,1.969057,0.3977933,2.631960626,33.66604552,
5,Incidence,Oral Cavity and Pharynx,2013,Female,Age_2044,Hispanic,84,10080086,0.8333183,0.2188365,1.316876845,58.02807225,
6,Incidence,Oral Cavity and Pharynx,2013,Male,Age_2044,Hispanic,133,10901784,1.219979,0.2608427,1.650054951,35.25273398,
7,Incidence,Oral Cavity and Pharynx,2013,Female,Age_2044,Other,66,4197423,1.572407,0.4524619,2.741560888,74.35440621,
8,Incidence,Oral Cavity and Pharynx,2013,Male,Age_2044,Other,108,3915593,2.758203,0.6413034,5.113773796,85.40237235,
9,Incidence,Oral Cavity and Pharynx,2013,Female,Age_4554,Non-hispanic White,1380,14730259,9.368498,0.3533949,11.67,24.56639261,
10,Incidence,Oral Cavity and Pharynx,2013,Male,Age_4554,Non-hispanic White,4218,14537841,29.01391,0.6268194,33.85,16.66817744,
11,Incidence,Oral Cavity and Pharynx,2013,Female,Age_4554,Non-hispanic Black,232,2885488,8.040236,0.7450517,8.02,-0.251684155,
12,Incidence,Oral Cavity and Pharynx,2013,Male,Age_4554,Non-hispanic Black,531,2549908,20.82425,1.276794,26.01,24.90245747,
13,Incidence,Oral Cavity and Pharynx,2013,Female,Age_4554,Hispanic,111,3000571,3.699302,0.526665,6.07,64.08500847,
14,Incidence,Oral Cavity and Pharynx,2013,Male,Age_4554,Hispanic,300,3044817,9.852812,0.853371,14.21,44.22278635,
15,Incidence,Oral Cavity and Pharynx,2013,Female,Age_4554,Other,93,1439250,6.461724,1.011646,8.81,36.34132315,
16,Incidence,Oral Cavity and Pharynx,2013,Male,Age_4554,Other,216,1277639,16.90615,2.215253,23.69,40.12652201,
17,Incidence,Oral Cavity and Pharynx,2013,Female,Age_5564,Non-hispanic White,2328,14661527,15.8783,0.466646,22.36,40.82112065,
18,Incidence,Oral Cavity and Pharynx,2013,Male,Age_5564,Non-hispanic White,7978,13984098,57.0505,0.9051237,77.21,35.33623719,
19,Incidence,Oral Cavity and Pharynx,2013,Female,Age_5564,Non-hispanic Black,321,2394848,13.40379,1.063552,16.72,24.74083823,
20,Incidence,Oral Cavity and Pharynx,2013,Male,Age_5564,Non-hispanic Black,894,2000803,44.6821,2.129421,61.52,37.68377046,
21,Incidence,Oral Cavity and Pharynx,2013,Female,Age_5564,Hispanic,157,1971488,7.963547,0.9570101,12.02,50.9377668,
22,Incidence,Oral Cavity and Pharynx,2013,Male,Age_5564,Hispanic,463,1826230,25.35277,1.754317,32.14,26.77115755,
23,Incidence,Oral Cavity and Pharynx,2013,Female,Age_5564,Other,111,1178370,9.419766,1.363553,14.21,50.8530042,
24,Incidence,Oral Cavity and Pharynx,2013,Male,Age_5564,Other,307,987955,31.07427,3.877597,45.65,46.90610592,
25,Incidence,Oral Cavity and Pharynx,2013,Female,Age_over65,Non-hispanic White,4962,19540158,25.39386,0.8203679,33.18701629,30.68913625,
26,Incidence,Oral Cavity and Pharynx,2013,Male,Age_over65,Non-hispanic White,10425,15565987,66.97296,1.455084,102.0454254,52.36809804,
27,Incidence,Oral Cavity and Pharynx,2013,Female,Age_over65,Non-hispanic Black,365,2329909,15.66584,1.861387,23.71551241,51.38359902,
28,Incidence,Oral Cavity and Pharynx,2013,Male,Age_over65,Non-hispanic Black,750,1542829,48.61198,3.781147,82.18969471,69.07292135,
29,Incidence,Oral Cavity and Pharynx,2013,Female,Age_over65,Hispanic,293,1892809,15.47961,2.123385,21.84337733,41.11064378,
30,Incidence,Oral Cavity and Pharynx,2013,Male,Age_over65,Hispanic,553,1423816,38.83928,3.934606,61.64102429,58.70794797,
31,Incidence,Oral Cavity and Pharynx,2013,Female,Age_over65,Other,171,1154945,14.80591,2.784052,19.89923316,34.40060868,
32,Incidence,Oral Cavity and Pharynx,2013,Male,Age_over65,Other,313,891473,35.11041,5.312473,59.57600946,69.68189621,
1,Incidence,Larynx,2013,Female,Age_2044,Non-hispanic White,31,30550277,0.1014807,0.0399723,,-100,
2,Incidence,Larynx,2013,Female,Age_2044,Non-hispanic Black,0,7484062,0,0,,#DIV/0!,
3,Incidence,Larynx,2013,Female,Age_2044,Hispanic,0,10080086,0,0,,#DIV/0!,
4,Incidence,Larynx,2013,Female,Age_2044,Other,0,4197423,0,0,,#DIV/0!,
5,Incidence,Larynx,2013,Male,Age_2044,Non-hispanic White,114,31183864,0.3655813,0.07667,,-100,
6,Incidence,Larynx,2013,Male,Age_2044,Non-hispanic Black,21,7008437,0.2996473,0.1548403,,-100,
7,Incidence,Larynx,2013,Male,Age_2044,Hispanic,0,10901784,0,0,,#DIV/0!,
8,Incidence,Larynx,2013,Male,Age_2044,Other,0,3915593,0,0,,#DIV/0!,
9,Incidence,Larynx,2013,Female,Age_4554,Non-hispanic White,352,14730259,2.389659,0.1781007,,-100,
10,Incidence,Larynx,2013,Female,Age_4554,Non-hispanic Black,59,2885488,2.044726,0.3757848,,-100,
11,Incidence,Larynx,2013,Female,Age_4554,Hispanic,16,3000571,0.5332209,0.2055833,,-100,
12,Incidence,Larynx,2013,Female,Age_4554,Other,0,1439250,0,0,,#DIV/0!,
13,Incidence,Larynx,2013,Male,Age_4554,Non-hispanic White,1056,14537841,7.263831,0.3129053,,-100,
14,Incidence,Larynx,2013,Male,Age_4554,Non-hispanic Black,190,2549908,7.451284,0.76302,,-100,
15,Incidence,Larynx,2013,Male,Age_4554,Hispanic,101,3044817,3.317124,0.5022628,,-100,
16,Incidence,Larynx,2013,Male,Age_4554,Other,18,1277639,1.408857,0.5145607,,-100,
17,Incidence,Larynx,2013,Female,Age_5564,Non-hispanic White,573,14661527,3.908194,0.2307788,,-100,
18,Incidence,Larynx,2013,Female,Age_5564,Non-hispanic Black,132,2394848,5.511842,0.6807149,,-100,
19,Incidence,Larynx,2013,Female,Age_5564,Hispanic,16,1971488,0.8115762,0.2821269,,-100,
20,Incidence,Larynx,2013,Female,Age_5564,Other,0,1178370,0,0,,#DIV/0!,
21,Incidence,Larynx,2013,Male,Age_5564,Non-hispanic White,2320,13984098,16.59027,0.4894837,,-100,
22,Incidence,Larynx,2013,Male,Age_5564,Non-hispanic Black,492,2000803,24.59015,1.589952,,-100,
23,Incidence,Larynx,2013,Male,Age_5564,Hispanic,168,1826230,9.199302,1.083833,,-100,
24,Incidence,Larynx,2013,Male,Age_5564,Other,25,987955,2.530488,0.734459,,-100,
25,Incidence,Larynx,2013,Female,Age_over65,Non-hispanic White,977,19540158,4.999934,0.3503821,,-100,
26,Incidence,Larynx,2013,Female,Age_over65,Non-hispanic Black,110,2329909,4.721219,0.9014441,,-100,
27,Incidence,Larynx,2013,Female,Age_over65,Hispanic,17,1892809,0.8981478,0.3922204,,-100,
28,Incidence,Larynx,2013,Female,Age_over65,Other,0,1154945,0,0,,#DIV/0!,
29,Incidence,Larynx,2013,Male,Age_over65,Non-hispanic White,3975,15565987,25.53646,0.906991,,-100,
30,Incidence,Larynx,2013,Male,Age_over65,Non-hispanic Black,547,1542829,35.45434,3.374537,,-100,
31,Incidence,Larynx,2013,Male,Age_over65,Hispanic,343,1423816,24.0902,3.087893,,-100,
32,Incidence,Larynx,2013,Male,Age_over65,Other,58,891473,6.506106,1.80955,,-100,
1,Incidence,Prostate,2013,Female,Age_2044,Non-hispanic White,0,0,0,0,0,#DIV/0!,
2,Incidence,Prostate,2013,Female,Age_2044,Non-hispanic Black,0,0,0,0,0,#DIV/0!,
3,Incidence,Prostate,2013,Female,Age_2044,Hispanic,0,0,0,0,0,#DIV/0!,
4,Incidence,Prostate,2013,Female,Age_2044,Other,0,0,0,0,0,#DIV/0!,
5,Incidence,Prostate,2013,Male,Age_2044,Non-hispanic White,83,24590616,0.335737828,0.181976616,0.170129318,-49.32673534,
6,Incidence,Prostate,2013,Male,Age_2044,Non-hispanic Black,43,5220310,0.818342206,0.641165137,0.559991623,-31.56999377,
7,Incidence,Prostate,2013,Male,Age_2044,Hispanic,13,8486895,0.150820765,0.234399423,0.209161895,38.68242563,
8,Incidence,Prostate,2013,Male,Age_2044,Other,0,3112684,0,0,0.102275476,#DIV/0!,
9,Incidence,Prostate,2013,Female,Age_4554,Non-hispanic White,0,0,0,0,0,#DIV/0!,
10,Incidence,Prostate,2013,Female,Age_4554,Non-hispanic Black,0,0,0,0,0,#DIV/0!,
11,Incidence,Prostate,2013,Female,Age_4554,Hispanic,0,0,0,0,0,#DIV/0!,
12,Incidence,Prostate,2013,Female,Age_4554,Other,0,0,0,0,0,#DIV/0!,
13,Incidence,Prostate,2013,Male,Age_4554,Non-hispanic White,1562,14537841,10.7416225,0.945290446,16.21,50.90830086,
14,Incidence,Prostate,2013,Male,Age_4554,Non-hispanic Black,579,2549908,22.714545,3.330152512,30.74,35.33178851,
15,Incidence,Prostate,2013,Male,Age_4554,Hispanic,212,3044817,6.973161277,2.606676579,10.04,43.98060795,
16,Incidence,Prostate,2013,Male,Age_4554,Other,51,1277639,3.982345561,3.370711327,5.7,43.13172759,
17,Incidence,Prostate,2013,Female,Age_5564,Non-hispanic White,0,0,0,0,0,#DIV/0!,
18,Incidence,Prostate,2013,Female,Age_5564,Non-hispanic Black,0,0,0,0,0,#DIV/0!,
19,Incidence,Prostate,2013,Female,Age_5564,Hispanic,0,0,0,0,0,#DIV/0!,
20,Incidence,Prostate,2013,Female,Age_5564,Other,0,0,0,0,0,#DIV/0!,
21,Incidence,Prostate,2013,Male,Age_5564,Non-hispanic White,6256,13984098,44.73652859,2.016696215,70.47,57.52228038,
22,Incidence,Prostate,2013,Male,Age_5564,Non-hispanic Black,1670,2000803,83.44649623,7.331933975,123.97,48.56225917,
23,Incidence,Prostate,2013,Male,Age_5564,Hispanic,620,1826230,33.94972156,7.176245689,52.36,54.22806902,
24,Incidence,Prostate,2013,Male,Age_5564,Other,211,987955,21.36129682,7.966174126,41.92,96.24276725,
25,Incidence,Prostate,2013,Female,Age_over65,Non-hispanic White,0,0,0,0,0,#DIV/0!,
26,Incidence,Prostate,2013,Female,Age_over65,Non-hispanic Black,0,0,0,0,0,#DIV/0!,
27,Incidence,Prostate,2013,Female,Age_over65,Hispanic,0,0,0,0,0,#DIV/0!,
28,Incidence,Prostate,2013,Female,Age_over65,Other,0,0,0,0,0,#DIV/0!,
29,Incidence,Prostate,2013,Male,Age_over65,Non-hispanic White,11812,15565987,75.88545461,3.747937679,135.8334631,78.99802245,
30,Incidence,Prostate,2013,Male,Age_over65,Non-hispanic Black,1931,1542829,125.1622831,15.0124073,172.2176437,37.59547958,
31,Incidence,Prostate,2013,Male,Age_over65,Hispanic,1120,1423816,78.66184956,16.20096207,116.416816,47.99654047,
32,Incidence,Prostate,2013,Male,Age_over65,Other,449,891473,50.41543603,19.17938614,103.1062137,104.5131845,
1,Incidence,All Invasive Cancer Sites Combined,2013,Female,Age_2044,Non-hispanic White,45934,30550277,150.3554,1.570703,158.3830232,5.339098707,
2,Incidence,All Invasive Cancer Sites Combined,2013,Male,Age_2044,Non-hispanic White,26136,31183864,83.81258,1.16307,90.67892656,8.19250113,
3,Incidence,All Invasive Cancer Sites Combined,2013,Female,Age_2044,Non-hispanic Black,8461,7484062,113.0536,2.820399,125.4095973,10.9293267,
4,Incidence,All Invasive Cancer Sites Combined,2013,Male,Age_2044,Non-hispanic Black,4335,7008437,61.85403,2.179037,61.15108518,-1.136457593,
5,Incidence,All Invasive Cancer Sites Combined,2013,Female,Age_2044,Hispanic,10129,10080086,100.4853,3.223777,123.0658682,22.47151393,
6,Incidence,All Invasive Cancer Sites Combined,2013,Male,Age_2044,Hispanic,5516,10901784,50.59723,1.926054,62.72532837,23.96988603,
7,Incidence,All Invasive Cancer Sites Combined,2013,Female,Age_2044,Other,4592,4197423,109.4005,5.322167,152.8420195,39.7087029,
8,Incidence,All Invasive Cancer Sites Combined,2013,Male,Age_2044,Other,2029,3915593,51.81846,3.981421,70.26325196,35.59502147,
9,Incidence,All Invasive Cancer Sites Combined,2013,Female,Age_4554,Non-hispanic White,79051,14730259,536.6572,2.68568,567.84,5.810562124,
10,Incidence,All Invasive Cancer Sites Combined,2013,Male,Age_4554,Non-hispanic White,59479,14537841,409.1323,2.351029,414.87,1.402406996,
11,Incidence,All Invasive Cancer Sites Combined,2013,Female,Age_4554,Non-hispanic Black,14212,2885488,492.5337,5.834854,483.14,-1.90721975,
12,Incidence,All Invasive Cancer Sites Combined,2013,Male,Age_4554,Non-hispanic Black,11897,2549908,466.5659,6.039968,458.95,-1.632331038,
13,Incidence,All Invasive Cancer Sites Combined,2013,Female,Age_4554,Hispanic,11368,3000571,378.8613,7.991186,430.14,13.53495329,
14,Incidence,All Invasive Cancer Sites Combined,2013,Male,Age_4554,Hispanic,7323,3044817,240.5071,6.093561,245.36,2.017778269,
15,Incidence,All Invasive Cancer Sites Combined,2013,Female,Age_4554,Other,5739,1439250,398.7494,10.72018,526.23,31.97010453,
16,Incidence,All Invasive Cancer Sites Combined,2013,Male,Age_4554,Other,3005,1277639,235.1994,9.323429,310.78,32.13469082,
17,Incidence,All Invasive Cancer Sites Combined,2013,Female,Age_5564,Non-hispanic White,130496,14661527,890.0574,3.496775,942.58,5.901035147,
18,Incidence,All Invasive Cancer Sites Combined,2013,Male,Age_5564,Non-hispanic White,145383,13984098,1039.631,3.881191,1118.06,7.543926643,
19,Incidence,All Invasive Cancer Sites Combined,2013,Female,Age_5564,Non-hispanic Black,21322,2394848,890.3279,8.685925,927.39,4.162747231,
20,Incidence,All Invasive Cancer Sites Combined,2013,Male,Age_5564,Non-hispanic Black,26934,2000803,1346.16,11.75503,1373.35,2.019819338,
21,Incidence,All Invasive Cancer Sites Combined,2013,Female,Age_5564,Hispanic,12988,1971488,658.7917,13.3133,738.83,12.1492575,
22,Incidence,All Invasive Cancer Sites Combined,2013,Male,Age_5564,Hispanic,12931,1826230,708.0707,14.37417,726.62,2.619696028,
23,Incidence,All Invasive Cancer Sites Combined,2013,Female,Age_5564,Other,7099,1178370,602.4423,15.0544,785.03,30.30791497,
24,Incidence,All Invasive Cancer Sites Combined,2013,Male,Age_5564,Other,5994,987955,606.7078,16.95202,890.98,46.85487808,
25,Incidence,All Invasive Cancer Sites Combined,2013,Female,Age_over65,Non-hispanic White,321201,19540158,1643.799,6.587643,1721.022318,4.697856462,
26,Incidence,All Invasive Cancer Sites Combined,2013,Male,Age_over65,Non-hispanic White,356437,15565987,2289.845,8.86622,2443.866815,6.726298727,
27,Incidence,All Invasive Cancer Sites Combined,2013,Female,Age_over65,Non-hispanic Black,35223,2329909,1511.776,18.29511,1569.53573,3.820654009,
28,Incidence,All Invasive Cancer Sites Combined,2013,Male,Age_over65,Non-hispanic Black,36295,1542829,2352.497,27.81429,2494.804357,6.049204618,
29,Incidence,All Invasive Cancer Sites Combined,2013,Female,Age_over65,Hispanic,23335,1892809,1232.824,29.56068,1278.686409,3.720110045,
30,Incidence,All Invasive Cancer Sites Combined,2013,Male,Age_over65,Hispanic,24740,1423816,1737.584,38.21698,1707.836152,-1.712023607,
31,Incidence,All Invasive Cancer Sites Combined,2013,Female,Age_over65,Other,12229,1154945,1058.838,33.25156,1237.708328,16.89307784,
32,Incidence,All Invasive Cancer Sites Combined,2013,Male,Age_over65,Other,12755,891473,1430.778,44.10983,1855.594108,29.69126642,
